CATEGORY	NAME	EN_US	EN_GB	RU_RU	IT_IT	JA_JP	CS_CZ	TOK	DE_DE
root	translation_author	Translated by BubbleFish	Translated by BubbleFish	Перевод: BubbleFish	Tradotto da FBreakDance30	dorlonkho	Překlad: Švára	ante toki: jan Suwala	Übersetzt von Atten007
root	validate_pack_v1	%s Resource pack is successfully detected		%s Пакет ресурсов обнаружен успешно	%s Il pacchetto è stato rilevato con successo		%s Balíček modifikací byl úspěšně detekován	%s ilo li ken lukin e poki sitelen kalama	%s Ressourcenpaket erfolgreich erkannt
group	furniture	%s Furniture		%s Мебель	Mobili	家具	%s Nábytek	%s supa	%s Möbel
group	technology	%s Technology		%s Технологии	Tecnologia	セキュリティー	%s Technologie	%s ilo	%s Technologien
group	food	%s Food		%s Еда	Cibo	食べ物	%s Jídlo	%s moku	%s Nahrung
group	miscellaneous	%s Miscellaneous		%s Прочее	Varie	その他	%s Ostatní	%s ante	%s Sonstiges
block	bubble_bench	Bubble Bench		Бабл Верстак	Banco bolla	バブルベンチ	Bubblův stůl	supa pali pi jan Papu	Blasenbank
block	oak_table	Oak Table		Дубовый Стол	Tavolo di quercia	オークのテーブル	Dubový stůl	supa moku pi kasi kili	Eichenholztisch
block	spruce_table	Spruce Table		Еловый Стол	Tavolo di abete	トウヒのテーブル	Smrkový stůl	supa moku pi kasi lete	Fichtenholztisch
block	birch_table	Birch Table		Берëзовый Стол	Tavolo di betulla	シラカバのテーブル	Březový stůl	supa moku pi kasi walo	Birkenholztisch
block	jungle_table	Jungle Table		Стол из тропического дерева	Tavolo della giungla	ジャングルのテーブル	Stůl z tropického dřeva	supa moku pi kasi suli	Tropenholztisch
block	acacia_table	Acacia Table		Акациевый Стол	Tavolo di acacia	アカシアのテーブル	Akáciový stůl	supa moku pi kasi seli	Akazienholztisch
block	bamboo_table	Bamboo Table		Стол из бамбука	Tavolo di bambù		Bambusový stůl	supa moku pi kasi palisa	Bambustisch
block	dark_oak_table	Dark Oak Table		Стол из тëмного дуба	Tavolo di quercia scura	ダークオークのテーブル	Stůl z tmavého dubu	supa moku pi kasi pimeja	Schwarzeichenholztisch
block	mangrove_table	Mangrove Table		Мангровый Стол	Tavolo di mangrovia		Kořenovníkový stůl	supa moku pi kasi telo	Mangrovenholztisch
block	cherry_table	Cherry Table		Вишнёвый Стол	Tavolo di ciliegio		Třešňový stůl	supa moku pi kasi suwi	Kirschholztisch
block	crimson_table	Crimson Table		Багровый Стол	Tavolo cremisi	真紅のテーブル	Karmínový stůl	supa moku pi soko loje	Karmesintisch
block	warped_table	Warped Table		Искажëнный Стол	Tavolo distorto	歪んだテーブル	Přízračný stůl	supa moku pi soko laso	Wirrtisch
block	stone_table	Stone Table		Каменный Стол	Tavolo di pietra	石のテーブル	Kamenný stůl	supa moku kiwen	Steintisch
block	quartz_table	Quartz Table		Кварцевый Стол	Tavolo di quarzo		Křemenný stůl	supa moku pi kiwen walo seli	Quarztisch
block	deepslate_table	Deepslate Table		Глубинносланцевый Стол	Tavolo di ardesia profonda		Břidlicový stůl	supa moku pi kiwen anpa	Tiefenschiefertisch
block	iron_table	Iron Table		Железный Стол	Tavolo di ferro		Železný stůl	supa moku pi kiwen walo	Eisentisch
block	copper_table	Copper Table		Медный Стол	Tavolo di rame		Měděný stůl	supa moku pi kiwen ante	Kupfertisch
block	gold_table	Golden Table		Золотой Стол	Tavolo d'oro		Zlatý stůl	supa moku pi kiwen jelo	Goldtisch
block	diamond_table	Diamond Table		Алмазный Стол	Tavolo di diamante		Diamantový stůl	supa moku pi kiwen laso	Diamanttisch
block	emerald_table	Emerald Table		Изумрудный Стол	Tavolo di smeraldo		Smaragdový stůl	supa moku pi kiwen esun	Smaragdtisch
block	netherite_table	Netherite Table		Незеритовый Стол	Tavolo di netherite		Netheritový stůl	supa moku pi mani Netherite	Netherittisch
block	oak_shelf	Oak Shelf		Дубовая Полка	Mensola di quercia	オークの壁掛け棚	Dubová police	supa sinpin pi kasi kili	Eichenholzregal
block	spruce_shelf	Spruce Shelf		Еловая Полка	Mensola di abete	トウヒの壁掛け棚	Smrková police	supa sinpin pi kasi lete	Fichtenholzregal
block	birch_shelf	Birch Shelf		Берëзовая Полка	Mensola di betulla	シラカバの壁掛け棚	Březová police	supa sinpin pi kasi walo	Birkenholzregal
block	jungle_shelf	Jungle Shelf		Полка из тропического дерева	Mensola della giungla	ジャングルの壁掛け棚	Police z tropického dřeva	supa sinpin pi kasi suli	Tropenholzregal
block	acacia_shelf	Acacia Shelf		Акациевая Полка	Mensola di acacia	アカシアの壁掛け棚	Akáciová police	supa sinpin pi kasi seli	Akazienholzregal
block	bamboo_shelf	Bamboo Shelf		Полка из бамбука	Mensola di bambù		Bambusová police	supa sinpin pi kasi palisa	Bambusregal
block	dark_oak_shelf	Dark Oak Shelf		Полка из тëмного дуба	Mensola di quercia scura	ダークオークの壁掛け棚	Police z tmavého dubu	supa sinpin pi kasi pimeja	Schwarzeichenholzregal
block	mangrove_shelf	Mangrove Shelf		Мангровая Полка	Mensola di mangrovia		Kořenovníková police	supa sinpin pi kasi telo	Mangrovenholzregal
block	cherry_shelf	Cherry Shelf		Вишнёвая Полка	Mensola di ciliegio		Třešňová police	supa sinpin pi kasi suwi	Kirschholzregal
block	crimson_shelf	Crimson Shelf		Багровая Полка	Mensola cremisi	真紅の壁掛け棚	Karmínová police	supa sinpin pi soko loje	Karmesinregal
block	warped_shelf	Warped Shelf		Искажëнная Полка	Mensola distorta	歪んだ壁掛け棚	Přízračná police	supa sinpin pi soko laso	Wirrregal
block	stone_shelf	Stone Shelf		Каменная Полка	Mensola di pietra	石の壁掛け棚	Kamenná police	supa sinpin kiwen	Steinregal
block	quartz_shelf	Quartz Shelf		Кварцевая Полка	Mensola di quarzo		Křemenná police	supa sinpin pi kiwen walo seli	Quarzregal
block	deepslate_shelf	Deepslate Shelf		Глубинносланцевая Полка	Mensola di ardesia profonda		Břidlicová police	supa sinpin pi kiwen anpa	Tiefenschieferregal
block	iron_shelf	Iron Shelf		Железная Полка	Mensola di ferro		Železná police	supa sinpin pi kiwen walo	Eisenregal
block	copper_shelf	Copper Shelf		Медная Полка	Mensola di rame		Měděná police	supa sinpin pi kiwen ante	Kupferregal
block	gold_shelf	Golden Shelf		Золотая Полка	Mensola d'oro		Zlatá police	supa sinpin pi kiwen jelo	Goldregal
block	diamond_shelf	Diamond Shelf		Алмазная Полка	Mensola di diamante		Diamantová police	supa sinpin pi kiwen laso	Diamantregal
block	emerald_shelf	Emerald Shelf		Изумрудная Полка	Mensola di smeraldo		Smaragdová police	supa sinpin pi kiwen esun	Smaragdregal
block	netherite_shelf	Netherite Shelf		Незеритовая Полка	Mensola di netherite		Netheritová police	supa sinpin pi mani Netherite	Netheritregal
block	oak_cabinet	Oak Cabinet		Дубовый Ящик	Comodino di quercia	オークのキャビネット	Dubová skříňka		Eichenholzkabinett
block	spruce_cabinet	Spruce Cabinet		Еловый Ящик	Comodino di abete	トウヒのキャビネット	Smrková skříňka		Fichtenholzkabinett
block	birch_cabinet	Birch Cabinet		Берëзовый Ящик	Comodino di betulla	シラカバのキャビネット	Březová skříňka		Birkenholzkabinett
block	jungle_cabinet	Jungle Cabinet		Ящик из тропического дерева	Comodino della giungla	ジャングルのキャビネット	Skříňka z tropického dřeva		Tropenholzkabinett
block	acacia_cabinet	Acacia Cabinet		Акациевый Ящик	Comodino di acacia	アカシアのキャビネット	Akáciová skříňka		Akazienholzkabinett
block	bamboo_cabinet	Bamboo Cabinet		Ящик из бамбука	Comodino di bambù		Bambusová skříňka		Bambuskabinett
block	dark_oak_cabinet	Dark Oak Cabinet		Ящик из тëмного дуба	Comodino di quercia scura	ダークオークのキャビネット	Skříňka z tmavého dubu		Schwarzeichenholzkabinett
block	mangrove_cabinet	Mangrove Cabinet		Мангровый Ящик	Comodino di mangrovia		Kořenovníková skříňka		Mangrovenholzkabinett
block	cherry_cabinet	Cherry Cabinet		Вишнёвый Ящик	Comodino di ciliegio		Třešňová skříňka		Kirschholzkabinett
block	crimson_cabinet	Crimson Cabinet		Багровый Ящик	Comodino cremisi	真紅のキャビネット	Karmínová skříňka		Karmesinkabinett
block	warped_cabinet	Warped Cabinet		Искажëнный Ящик	Comodino distorto	歪んだキャビネット	Přízračná skříňka		Wirrkabinett
block	stone_cabinet	Stone Cabinet		Каменный Ящик	Comodino di pietra	石のキャビネット	Kamenná skříňka		Steinkabinett
block	quartz_cabinet	Quartz Cabinet		Кварцевый Ящик	Comodino di quarzo		Křemenná skříňka		Quarzkabinett
block	deepslate_cabinet	Deepslate Cabinet		Глубинносланцевый Ящик	Comodino di ardesia profonda		Břidlicová skříňka		Tiefenschieferkabinett
block	iron_cabinet	Iron Cabinet		Железный Ящик	Comodino di ferro		Železná skříňka		Eisenkabinett
block	copper_cabinet	Copper Cabinet		Медный Ящик	Comodino di rame		Měděná skříňka		Kupferkabinett
block	gold_cabinet	Golden Cabinet		Золотой Ящик	Comodino d'oro		Zlatá skříňka		Goldkabinett
block	diamond_cabinet	Diamond Cabinet		Алмазный Ящик	Comodino di diamante		Diamantová skříňka		Diamantkabinett
block	emerald_cabinet	Emerald Cabinet		Изумрудный Ящик	Comodino di smeraldo		Smaragdová skříňka		Smaragdkabinett
block	netherite_cabinet	Netherite Cabinet		Незеритовый Ящик	Comodino di netherite		Netheritová skříňka		Netheritkabinett
block	oak_drawer	Oak Drawer		Дубовая Тумба	Cassetto di quercia	オークの引き出し	Dubový šuplík		Eichenholzschublade
block	spruce_drawer	Spruce Drawer		Еловая Тумба	Cassetto di abete	トウヒの引き出し	Smrkový šuplík		Fichtenholzschublade
block	birch_drawer	Birch Drawer		Берëзовая Тумба	Cassetto di betulla	シラカバの引き出し	Březový šuplík		Birkenholzschublade
block	jungle_drawer	Jungle Drawer		Тумба из тропического дерева	Cassetto della giungla	ジャングルの引き出し	Šuplík z tropického dřeva		Tropenholzschublade
block	acacia_drawer	Acacia Drawer		Акациевая Тумба	Cassetto di acacia	アカシアの引き出し	Akáciový šuplík		Akazienholzschublade
block	bamboo_drawer	Bamboo Drawer		Тумба из бамбука	Cassetto di bambù		Bambusový šuplík		Bambusschublade
block	dark_oak_drawer	Dark Oak Drawer		Тумба из тëмного дуба	Cassetto di quercia scura	ダークオークの引き出し	Šuplík z tmavého dubu		Schwarzeichenschublade
block	mangrove_drawer	Mangrove Drawer		Мангровая Тумба	Cassetto di mangrovia		Kořenovníkový šuplík		Mangrovenholzschublade
block	cherry_drawer	Cherry Drawer		Вишнёвая Тумба	Cassetto di ciliegio		Třešňový šuplík		Kirschholzschublade
block	crimson_drawer	Crimson Drawer		Багровая Тумба	Cassetto cremisi	真紅の引き出し	Karmínový šuplík		Karmesinschublade
block	warped_drawer	Warped Drawer		Искажëнная Тумба	Cassetto distorto	歪んだ引き出し	Přízračný šuplík		Wirrschublade
block	stone_drawer	Stone Drawer		Каменная Тумба	Cassetto di pietra	石の引き出し	Kamenný šuplík		Steinschublade
block	quartz_drawer	Quartz Drawer		Кварцевая Тумба	Cassetto di quarzo		Křemenný šuplík		Quarzschublade
block	deepslate_drawer	Deepslate Drawer		Глубинносланцевая Тумба	Cassetto di ardesia profonda		Břidlicový šuplík		Tiefenschieferschublade
block	iron_drawer	Iron Drawer		Железная Тумба	Cassetto di ferro		Železný šuplík		Eisenschublade
block	copper_drawer	Copper Drawer		Медная Тумба	Cassetto di rame		Měděný šuplík		Kupferschublade
block	gold_drawer	Golden Drawer		Золотая Тумба	Cassetto d'oro		Zlatý šuplík		Goldschublade
block	diamond_drawer	Diamond Drawer		Алмазная Тумба	Cassetto di diamante		Diamantový šuplík		Diamantschublade
block	emerald_drawer	Emerald Drawer		Изумрудная Тумба	Cassetto di smeraldo		Smaragdový šuplík		Smaragdschublade
block	netherite_drawer	Netherite Drawer		Незеритовая Тумба	Cassetto di netherite		Netheritový šuplík		Netheritschublade
block	oak_cupboard	Oak Cupboard		Дубовый Буфет	Credenza di quercia	オークの棚	Dubový regál		Eichenholzschrank
block	spruce_cupboard	Spruce Cupboard		Еловый Буфет	Credenza di abete	トウヒの棚	Smrkový regál		Fichtenholzschrank
block	birch_cupboard	Birch Cupboard		Берëзовый Буфет	Credenza di betulla	シラカバの棚	Březový regál		Birkenholzschrank
block	jungle_cupboard	Jungle Cupboard		Буфет из тропического дерева	Credenza della giungla	ジャングルの棚	Regál z tropikého dřeva		Tropenholzschrank
block	acacia_cupboard	Acacia Cupboard		Акациевый Буфет	Credenza di acacia	アカシアの棚	Akáciový regál		Akazienholzschrank
block	bamboo_cupboard	Bamboo Cupboard		Буфет из бамбука	Credenza di bambù		Bambusový regál		Bambusschrank
block	dark_oak_cupboard	Dark Oak Cupboard		Буфет из тëмного дуба	Credenza di quercia scura	ダークオークの棚	Regál z tmavého dubu		Schwarzeichenholzschrank
block	mangrove_cupboard	Mangrove Cupboard		Мангровый Буфет	Credenza di mangrovia		Kořenovníkový regál		Mangrovenholzschrank
block	cherry_cupboard	Cherry Cupboard		Вишнёвый Буфет	Credenza di ciliegio		Třešňový regál		Kirschholzschrank
block	crimson_cupboard	Crimson Cupboard		Багровый Буфет	Credenza cremisi	真紅の棚	Karmínový regál		Karmesinschrank
block	warped_cupboard	Warped Cupboard		Искажëнный Буфет	Credenza distorta	歪んだ棚	Přízračný regál		Wirrschrank
block	stone_cupboard	Stone Cupboard		Каменный Буфет	Credenza di pietra	石の棚	Kamenný regál		Steinschrank
block	quartz_cupboard	Quartz Cupboard		Кварцевый Буфет	Credenza di quarzo		Křemenný regál		Quarzschrank
block	deepslate_cupboard	Deepslate Cupboard		Глубинносланцевый Буфет	Credenza di ardesia profonda		Břidlicový regál		Tiefenschieferschrank
block	iron_cupboard	Iron Cupboard		Железный Буфет	Credenza di ferro		Železný regál		Eisenschrank
block	copper_cupboard	Copper Cupboard		Медный Буфет	Credenza di rame		Měděný regál		Kupferschrank
block	gold_cupboard	Golden Cupboard		Золотой Буфет	Credenza d'oro		Zlatý regál		Goldschrank
block	diamond_cupboard	Diamond Cupboard		Алмазный Буфет	Credenza di diamante		Diamantový regál		Diamantschrank
block	emerald_cupboard	Emerald Cupboard		Изумрудный Буфет	Credenza di smeraldo		Smaragdový regál		Smaragdschrank
block	netherite_cupboard	Netherite Cupboard		Незеритовый Буфет	Credenza di netherite		Netheritový regál		Netheritschrank
block	oak_bench	Oak Bench		Дубовая Скамья	Panchina di quercia	オークの腰かけ	Dubová lavička	supa monsi palisa pi kasi kili	Eichenholzbank
block	spruce_bench	Spruce Bench		Еловая Скамья	Panchina di abete	トウヒの腰かけ	Smrková lavička	supa monsi palisa pi kasi lete	Fichtenholzbank
block	birch_bench	Birch Bench		Берëзовая Скамья	Panchina di betulla	シラカバの腰かけ	Březová lavička	supa monsi palisa pi kasi walo	Birkenholzbank
block	jungle_bench	Jungle Bench		Скамья из тропического дерева	Panchina della giungla	ジャングルの腰かけ	Lavička z tropického dřeva	supa monsi palisa pi kasi suli	Tropenholzbank
block	acacia_bench	Acacia Bench		Акациевая Скамья	Panchina di acacia	アカシアの腰かけ	Akáciová lavička	supa monsi palisa pi kasi seli	Akazienholzbank
block	bamboo_bench	Bamboo Bench		Скамья из бамбука	Panchina di bambù		Bambusová lavička	supa monsi palisa pi kasi palisa	Bambusbank
block	dark_oak_bench	Dark Oak Bench		Скамья из тëмного дуба	Panchina di quercia scura	ダークオークの腰かけ	Lavička z tmavého dubu	supa monsi palisa pi kasi pimeja	Schwarzeichenholzbank
block	mangrove_bench	Mangrove Bench		Мангровая Скамья	Panchina di mangrovia		Kořenovníková lavička	supa monsi palisa pi kasi telo	Mangrovenholzbank
block	cherry_bench	Cherry Bench		Вишнёвая Скамья	Panchina di ciliegio		Třešňová lavička	supa monsi palisa pi kasi suwi	Kirschholzbank
block	crimson_bench	Crimson Bench		Багровая Скамья	Panchina cremisi	真紅の腰かけ	Karmínová lavička	supa monsi palisa pi soko loje	Karmesinbank
block	warped_bench	Warped Bench		Искажëнная Скамья	Panchina distorta	歪んだ腰かけ	Přízračná lavička	supa monsi palisa pi soko laso	Wirrbank
block	stone_bench	Stone Bench		Каменная Скамья	Panchina di pietra	石の腰かけ	Kamenná lavička	supa monsi palisa kiwen	Steinbank
block	quartz_bench	Quartz Bench		Кварцевая Скамья	Panchina di quarzo		Křemenná lavička	supa monsi palisa pi kiwen walo seli	Quarzbank
block	deepslate_bench	Deepslate Bench		Глубинносланцевая Скамья	Panchina di ardesia profonda		Břidlicová lavička	supa monsi palisa pi kiwen anpa	Tiefenschieferbank
block	iron_bench	Iron Bench		Железная Скамья	Panchina di ferro		Železná lavička	supa monsi palisa pi kiwen walo	Eisenbank
block	copper_bench	Copper Bench		Медная Скамья	Panchina di rame		Měděná lavička	supa monsi palisa pi kiwen ante	Kupferbank
block	gold_bench	Golden Bench		Золотая Скамья	Panchina d'oro		Zlatá lavička	supa monsi palisa pi kiwen jelo	Goldbank
block	diamond_bench	Diamond Bench		Алмазная Скамья	Panchina di diamante		Diamantová lavička	supa monsi palisa pi kiwen laso	Diamantbank
block	emerald_bench	Emerald Bench		Изумрудная Скамья	Panchina di smeraldo		Smaragdová lavička	supa monsi palisa pi kiwen esun	Smaragdbank
block	netherite_bench	Netherite Bench		Незеритовая Скамья	Panchina di netherite		Netheritová lavička	supa monsi palisa pi mani Netherite	Netheritbank
block	oak_stool	Oak Stool		Дубовый Табурет	Sgabello di quercia		Dubová stolička		Eichenholzhocker
block	spruce_stool	Spruce Stool		Еловый Табурет	Sgabello di abete		Smrková stolička		Fichtenholzhocker
block	birch_stool	Birch Stool		Берëзовый Табурет	Sgabello di betulla		Březová stolička		Birkenholzhocker
block	jungle_stool	Jungle Stool		Табурет из тропического дерева	Sgabello della giungla		Stolička z tropického dřeva		Tropenholzhocker
block	acacia_stool	Acacia Stool		Акациевый Табурет	Sgabello di acacia		Akáciová stolička		Akazienholzhocker
block	bamboo_stool	Bamboo Stool		Табурет из бамбука	Sgabello di bambù		Bambusová stolička		Bambushocker
block	dark_oak_stool	Dark Oak Stool		Табурет из тëмного дуба	Sgabello di quercia scura		Stolička z tmavého dubu		Schwarzeichenholzhocker
block	mangrove_stool	Mangrove Stool		Мангровый Табурет	Sgabello di mangrovia		Kořenovníková stolička		Mangrovenholzhocker
block	cherry_stool	Cherry Stool		Вишнёвый Табурет	Sgabello di ciliegio		Třešňová stolička		Kirschholzhocker
block	crimson_stool	Crimson Stool		Багровый Табурет	Sgabello cremisi		Karmínová stolička		Karmesinhocker
block	warped_stool	Warped Stool		Искажëнный Табурет	Sgabello distorto		Přízračná stolička		Wirrhocker
block	stone_stool	Stone Stool		Каменный Табурет	Sgabello di pietra		Kamenná stolička		Steinhocker
block	quartz_stool	Quartz Stool		Кварцевый Табурет	Sgabello di quarzo		Křemenná stolička		Quarzhocker
block	oak_barstool	Oak Bar Stool		Дубовый Барный стул	Sgabello da bar di quercia		Dubová barová stolička		Eichenholzbarhocker
block	spruce_barstool	Spruce Bar Stool		Еловый Барный стул	Sgabello da bar di abete		Smrková barová stolička		Fichtenholzbarhocker
block	birch_barstool	Birch Bar Stool		Берëзовый Барный стул	Sgabello da bar di betulla		Březová barová stolička		Birkenholzbarhocker
block	jungle_barstool	Jungle Bar Stool		Барный стул из тропического дерева	Sgabello da bar della giungla		Barová stolička z tropického dřeva		Tropenholzbarhocker
block	acacia_barstool	Acacia Bar Stool		Акациевый Барный стул	Sgabello da bar di acacia		Akáciová barová stolička		Akazienholzbarhocker
block	bamboo_barstool	Bamboo Bar Stool		Барный стул из бамбука	Sgabello da bar di bambù		Bambusová barová stolička		Bambusbarhocker
block	dark_oak_barstool	Dark Oak Bar Stool		Барный стул из тëмного дуба	Sgabello da bar di quercia scura		Barová stolička z tmavého dubu		Schwarzeichenholzbarhocker
block	mangrove_barstool	Mangrove Bar Stool		Мангровый Барный стул	Sgabello da bar di mangrovia		Kořenovníková barová stolička		Mangrovenholzbarhocker
block	cherry_barstool	Cherry Bar Stool		Вишнёвый Барный стул	Sgabello da bar di ciliegio		Třešňová barová stolička		Kirschholzbarhocker
block	crimson_barstool	Crimson Bar Stool		Багровый Барный стул	Sgabello da bar cremisi		Karmínová barová stolička		Karmesinbarhocker
block	warped_barstool	Warped Bar Stool		Искажëнный Барный стул	Sgabello da bar distorto		Přízračná barová stolička		Wirrbarhocker
block	stone_barstool	Stone Bar Stool		Каменный Барный стул	Sgabello da bar di pietra		Kamenná barová stolička		Steinbarhocker
block	quartz_barstool	Quartz Bar Stool		Кварцевый Барный стул	Sgabello da bar di quarzo		Křemenná barová stolička		Quarzbarhocker
block	oak_dinning_chair	Oak Dinning Chair		Дубовый Обеденный стул	Sedia di quercia		Dubová jídelní židle		Eichenholz-Essstuhl
block	spruce_dinning_chair	Spruce Dinning Chair		Еловый Обеденный стул	Sedia di abete		Smrková jídelní židle		Fichtenholz-Essstuhl
block	birch_dinning_chair	Birch Dinning Chair		Берëзовый Обеденный стул	Sedia di betulla		Březová jídelní židle		Birkenholz-Essstuhl
block	jungle_dinning_chair	Jungle Dinning Chair		Обеденный стул из тропического дерева	Sedia della giungla		Jídelní židle z tropického dřeva		Tropenholz-Essstuhl
block	acacia_dinning_chair	Acacia Dinning Chair		Акациевый Обеденный стул	Sedia di acacia		Akáciová jídelní židle		Akazienholz-Essstuhl
block	bamboo_dinning_chair	Bamboo Dinning Chair		Обеденный стул из бамбука	Sedia di bambù		Bambusová jídelní židle		Bambus-Essstuhl
block	dark_oak_dinning_chair	Dark Oak Dinning Chair		Обеденный стул из тëмного дуба	Sedia di quercia scura		Jídelní židle z tmavého dubu		Schwarzeichenholz-Essstuhl
block	mangrove_dinning_chair	Mangrove Dinning Chair		Мангровый Обеденный стул	Sedia di mangrovia		Kořenovníková jídelní židle		Mangrovenholz-Essstuhl
block	cherry_dinning_chair	Cherry Dinning Chair		Вишнёвый Обеденный стул	Sedia di ciliegio		Třešňová jídelní židle		Kirschholz-Essstuhl
block	crimson_dinning_chair	Crimson Dinning Chair		Багровый Обеденный стул	Sedia cremisi		Karmínová jídelní židle		Karmesin-Essstuhl
block	warped_dinning_chair	Warped Dinning Chair		Искажëнный Обеденный стул	Sedia distorta		Přízračná jídelní židle		Wirr-Essstuhl
block	white_couch	White Couch	White Sofa	Белый Диван	Divano bianco	白色の二人掛けソファー	Bílá pohovka	supa monsi len walo	Weißes Sofa
block	orange_couch	Orange Couch	Orange Sofa	Оранжевый Диван	Divano arancione	橙色の二人掛けソファー	Oranžová pohovka	supa monsi len pi loje jelo	Orangenes Sofa
block	magenta_couch	Magenta Couch	Magenta Sofa	Пурпурный Диван	Divano magenta	赤紫色の二人掛けソファー	Purpurová pohovka	supa monsi len pi loje laso	Magenta Sofa
block	light_blue_couch	Light Blue Couch	Light Blue Sofa	Голубой Диван	Divano azzurro	空色の二人掛けソファー	Světle modrá pohovka	supa monsi len pi laso sewi	Hellblaues Sofa
block	yellow_couch	Yellow Couch	Yellow Sofa	Жёлтый Диван	Divano giallo	黄色の二人掛けソファー	Žlutá pohovka	supa monsi len jelo	Gelbes Sofa
block	lime_couch	Lime Couch	Lime Sofa	Лаймовый Диван	Divano lime	黄緑色の二人掛けソファー	Světle zelená pohovka	supa monsi len pi laso jelo	Hellgrünes Sofa
block	pink_couch	Pink Couch	Pink Sofa	Розовый Диван	Divano rosa	桃色の二人掛けソファー	Růžová pohovka	supa monsi len pi loje walo	Rosa Sofa
block	gray_couch	Gray Couch	Gray Sofa	Серый Диван	Divano grigio	灰色の二人掛けソファー	Šedá pohovka	supa monsi len pi pimeja walo	Graues Sofa
block	light_gray_couch	Light Gray Couch	Light Gray Sofa	Светло-серый Диван	Divano grigio chiaro	薄灰色の二人掛けソファー	Světle šedá pohovka	supa monsi len pi walo pimeja	Hellgraues Sofa
block	cyan_couch	Cyan Couch	Cyan Sofa	Бирюзовый Диван	Divano ciano	青緑色の二人掛けソファー	Azurová pohovka	supa monsi len laso	Türkises Sofa
block	purple_couch	Purple Couch	Purple Sofa	Фиолетовый Диван	Divano viola	紫色の二人掛けソファー	Fialová pohovka	supa monsi len pi laso loje	Violettes Sofa
block	blue_couch	Blue Couch	Blue Sofa	Синий Диван	Divano blu	青色の二人掛けソファー	Modrá pohovka	supa monsi len pi laso telo	Blaues Sofa
block	brown_couch	Brown Couch	Brown Sofa	Коричневый Диван	Divano marrone	茶色の二人掛けソファー	Hnědá pohovka	supa monsi len pi kule ma	Braunes Sofa
block	green_couch	Green Couch	Green Sofa	Зелёный Диван	Divano verde	緑色の二人掛けソファー	Zelená pohovka	supa monsi len pi laso kasi	Grünes Sofa
block	red_couch	Red Couch	Red Sofa	Красный Диван	Divano rosso	赤色の二人掛けソファー	Červená pohovka	supa monsi len loje	Rotes Sofa
block	black_couch	Black Couch	Black Sofa	Чёрный Диван	Divano nero	黒色の二人掛けソファー	Černá pohovka	supa monsi len pimeja	Schwarzes Sofa
block	oak_blinds	Oak Blinds		Дубовые Жалюзи	Persiane di quercia	オークのブラインド	Dubové žaluzie		Eichenholzjalousie
block	spruce_blinds	Spruce Blinds		Еловые Жалюзи	Persiane di abete	トウヒのブラインド	Smrkové žaluzie		Fichtenholzjalousie
block	birch_blinds	Birch Blinds		Берëзовые Жалюзи	Persiane di betulla	シラカバのブラインド	Březové žaluzie		Birkenholzjalousie
block	jungle_blinds	Jungle Blinds		Жалюзи из тропического дерева	Persiane della giungla	ジャングルのブラインド	Žaluzie z tropického dřeva		Tropenholzjalousie
block	acacia_blinds	Acacia Blinds		Акациевые Жалюзи	Persiane di acacia	アカシアのブラインド	Akáciové žaluzie		Akazienholzjalousie
block	bamboo_blinds	Bamboo Blinds		Жалюзи из бамбука	Persiane di bambù		Bambusové žaluzie		Bambusjalousie
block	dark_oak_blinds	Dark Oak Blinds		Жалюзи из тëмного дуба	Persiane di quercia scura	ダークオークのブラインド	Žaluzie z tmavého dubu		Schwarzeichenholzjalousie
block	mangrove_blinds	Mangrove Blinds		Мангровые Жалюзи	Persiane di mangrovia		Kořenovníkové žaluzie		Mangrovenholzjalousie
block	cherry_blinds	Cherry Blinds		Вишнёвые Жалюзи	Persiane di ciliegio		Třešňové žaluzie		Kirschholzjalousie
block	crimson_blinds	Crimson Blinds		Багровые Жалюзи	Persiane cremisi	真紅のブラインド	Karmínové žaluzie		Karmesinjalousie
block	warped_blinds	Warped Blinds		Искажëнные Жалюзи	Persiane distorte	歪んだブラインド	Přízračné žaluzie		Wirrjalousie
block	stone_blinds	Stone Blinds		Каменные Жалюзи	Persiane di pietra	石のブラインド	Kamenné žaluzie		Steinjalousie
block	quartz_blinds	Quartz Blinds		Кварцевые Жалюзи	Persiane di quarzo		Křemenné žaluzie		Quarzjalousie
block	deepslate_blinds	Deepslate Blinds		Глубинносланцевые Жалюзи	Persiane di ardesia profonda		Břidlicové žaluzie		Tiefenschieferjalousie
block	iron_blinds	Iron Blinds		Железные Жалюзи	Persiane di ferro		Železné žaluzie		Eisenjalousie
block	copper_blinds	Copper Blinds		Медные Жалюзи	Persiane di rame		Měděné žaluzie		Kupferjalousie
block	gold_blinds	Golden Blinds		Золотые Жалюзи	Persiane d'oro		Zlaté žaluzie		Goldjalousie
block	diamond_blinds	Diamond Blinds		Алмазные Жалюзи	Persiane di diamante		Diamantové žaluzie		Diamantjalousie
block	emerald_blinds	Emerald Blinds		Изумрудные Жалюзи	Persiane di smeraldo		Smaragdové žaluzie		Smaragdjalousie
block	netherite_blinds	Netherite Blinds		Незеритовые Жалюзи	Persiane di netherite		Netheritové žaluzie		Netheritjalousie
block	oak_kitchen_cabinet	Oak Kitchen Cabinet		Дубовый Кухонный Ящик	Armadio da cucina di quercia		Dubová kuchyňská skříň		Eichenholzküchenschrank
block	spruce_kitchen_cabinet	Spruce Kitchen Cabinet		Еловый Кухонный Ящик	Armadio da cucina di abete		Smrková kuchyňská skříň		Fichtenholzküchenschrank
block	birch_kitchen_cabinet	Birch Kitchen Cabinet		Берëзовый Кухонный Ящик	Armadio da cucina di betulla		Březová kuchyňská skříň		Birkenholzküchenschrank
block	jungle_kitchen_cabinet	Jungle Kitchen Cabinet		Кухонный Ящик из тропического дерева	Armadio da cucina della giungla		Kuchyňská skříň z tropcikého dřeva		Tropenholzküchenschrank
block	acacia_kitchen_cabinet	Acacia Kitchen Cabinet		Акациевый Кухонный Ящик	Armadio da cucina di acacia		Akáciová kuchyňská skříň		Akazienholzküchenschrank
block	bamboo_kitchen_cabinet	Bamboo Kitchen Cabinet		Кухонный Ящик из бамбука	Armadio da cucina di bambù		Bambusová kuchyňská skříň		Bambusküchenschrank
block	dark_oak_kitchen_cabinet	Dark Oak Kitchen Cabinet		Кухонный Ящик из тëмного дуба	Armadio da cucina di quercia scura		Kuchyňská skříň z tmavého dubu		Schwarzeichenholzküchenschrank
block	mangrove_kitchen_cabinet	Mangrove Kitchen Cabinet		Мангровый Кухонный Ящик	Armadio da cucina di mangrovia		Kořenovníková kuchyňská skříň		Mangrovenholzküchenschrank
block	cherry_kitchen_cabinet	Cherry Kitchen Cabinet		Вишнёвый Кухонный Ящик	Armadio da cucina di ciliegio		Třešňová kuchyňská skříň		Kirschholzküchenschrank
block	crimson_kitchen_cabinet	Crimson Kitchen Cabinet		Багровый Кухонный Ящик	Armadio da cucina cremisi		Karmínová kuchyňská skříň		Karmesinküchenschrank
block	warped_kitchen_cabinet	Warped Kitchen Cabinet		Искажëнный Кухонный Ящик	Armadio da cucina distorto		Přízračná kuchyňská skříň		Wirrküchenschrank
block	stone_kitchen_cabinet	Stone Kitchen Cabinet		Каменный Кухонный Ящик	Armadio da cucina di pietra		Kamenná kuchyňská skříň		Steinküchenschrank
block	quartz_kitchen_cabinet	Quartz Kitchen Cabinet		Кварцевый Кухонный Ящик	Armadio da cucina di quarzo		Křemenná kuchyňská skříň		Quarzküchenschrank
block	deepslate_kitchen_cabinet	Deepslate Kitchen Cabinet		Глубинносланцевый Кухонный Ящик	Armadio da cucina di ardesia profonda		Břidlicová kuchyňská skříň		Tiefenschieferküchenschrank
block	iron_kitchen_cabinet	Iron Kitchen Cabinet		Железный Кухонный Ящик	Armadio da cucina di ferro		Železná kuchyňská skříň		Eisenküchenschrank
block	copper_kitchen_cabinet	Copper Kitchen Cabinet		Медный Кухонный Ящик	Armadio da cucina di rame		Měděná kuchyňská skříň		Kupferküchenschrank
block	gold_kitchen_cabinet	Golden Kitchen Cabinet		Золотой Кухонный Ящик	Armadio da cucina d'oro		Zlatá kuchyňská skříň		Goldküchenschrank
block	diamond_kitchen_cabinet	Diamond Kitchen Cabinet		Алмазный Кухонный Ящик	Armadio da cucina di diamante		Diamantová kuchyňská skříň		Diamantküchenschrank
block	emerald_kitchen_cabinet	Emerald Kitchen Cabinet		Изумрудный Кухонный Ящик	Armadio da cucina di smeraldo		Smaragdová kuchyňská skříň		Smaragdküchenschrank
block	netherite_kitchen_cabinet	Netherite Kitchen Cabinet		Незеритовый Кухонный Ящик	Armadio da cucina di netherite		Netheritová kuchyňská skříň		Netheritküchenschrank
block	oak_sink	Oak Sink		Дубовая Раковина	Lavandino di quercia		Dubové umyvadlo	ilo telo pi kasi kili	Eichenholzwaschbecken
block	spruce_sink	Spruce Sink		Еловая Раковина	Lavandino di abete		Smrkové umyvadlo	ilo telo pi kasi lete	Fichtenholzwaschbecken
block	birch_sink	Birch Sink		Берëзовая Раковина	Lavandino di betulla		Březové umyvadlo	ilo telo pi kasi walo	Birkenholzwaschbecken
block	jungle_sink	Jungle Sink		Раковина из тропического дерева	Lavandino della giungla		Umyvadlo z tropického dřeva	ilo telo pi kasi suli	Tropenholzwaschbecken
block	acacia_sink	Acacia Sink		Акациевая Раковина	Lavandino di acacia		Akáciové umyvadlo	ilo telo pi kasi seli	Akazienholzwaschbecken
block	bamboo_sink	Bamboo Sink		Раковина из бамбука	Lavandino di bambù		Bambusové umyvadlo	ilo telo pi kasi palisa	Bambuswaschbecken
block	dark_oak_sink	Dark Oak Sink		Раковина из тëмного дуба	Lavandino di quercia scura		Umyvadlo z tmavého dubu	ilo telo pi kasi pimeja	Schwarzeichenholzwaschbecken
block	mangrove_sink	Mangrove Sink		Мангровая Раковина	Lavandino di mangrovia		Kořenovníkové umyvadlo	ilo telo pi kasi telo	Mangrovenholzwaschbecken
block	cherry_sink	Cherry Sink		Вишнёвая Раковина	Lavandino di ciliegio		Třešňové umyvadlo	ilo telo pi kasi suwi	Kirschholzwaschbecken
block	crimson_sink	Crimson Sink		Багровая Раковина	Lavandino cremisi		Karmínové umyvadlo	ilo telo pi soko loje	Karmesinwaschbecken
block	warped_sink	Warped Sink		Искажëнная Раковина	Lavandino distorto		Přízračné umyvadlo	ilo telo pi soko laso	Wirrwaschbecken
block	stone_sink	Stone Sink		Каменная Раковина	Lavandino di pietra		Kamenné umyvadlo	ilo telo kiwen	Steinwaschbecken
block	quartz_sink	Quartz Sink		Кварцевая Раковина	Lavandino di quarzo		Křemenné umyvadlo	ilo telo pi kiwen walo seli	Quarzwaschbecken
block	deepslate_sink	Deepslate Sink		Глубинносланцевая Раковина	Lavandino di ardesia profonda		Břidlicové umyvadlo	ilo telo pi kiwen anpa	Tiefenschieferwaschbecken
block	iron_sink	Iron Sink		Железная Раковина	Lavandino di ferro		Železné umyvadlo	ilo telo pi kiwen walo	Eisenwaschbecken
block	copper_sink	Copper Sink		Медная Раковина	Lavandino di rame		Měděné umyvadlo	ilo telo pi kiwen ante	Kupferwaschbecken
block	gold_sink	Golden Sink		Золотая Раковина	Lavandino d'oro		Zlaté umyvadlo	ilo telo pi kiwen jelo	Goldwaschbecken
block	diamond_sink	Diamond Sink		Алмазная Раковина	Lavandino di diamante		Diamantové umyvadlo	ilo telo pi kiwen laso	Diamantwaschbecken
block	emerald_sink	Emerald Sink		Изумрудная Раковина	Lavandino di smeraldo		Smaragdové umyvadlo	ilo telo pi kiwen esun	Smaragdwaschbecken
block	netherite_sink	Netherite Sink		Незеритовая Раковина	Lavandino di netherite		Netheritové umyvadlo	ilo telo pi mani Netherite	Netheritwaschbecken
block	oak_toilet	Oak Toilet		Дубовый Унитаз	Gabinetto di quercia		Dubový záchod		Eichenholztoilette
block	spruce_toilet	Spruce Toilet		Еловый Унитаз	Gabinetto di abete		Smrkový záchod		Fichtenholztoilette
block	birch_toilet	Birch Toilet		Берëзовый Унитаз	Gabinetto di betulla		Březový záchod		Birkenholztoilette
block	jungle_toilet	Jungle Toilet		Унитаз из тропического дерева	Gabinetto della giungla		Záchod z tropického dřeva		Tropenholztoilette
block	acacia_toilet	Acacia Toilet		Акациевый Унитаз	Gabinetto di acacia		Akáciový záchod		Akazienholztoilette
block	bamboo_toilet	Bamboo Toilet		Унитаз из бамбука	Gabinetto di bambù		Bambusový záchod		Bambustoilette
block	dark_oak_toilet	Dark Oak Toilet		Унитаз из тëмного дуба	Gabinetto di quercia scura		Záchod z tmavého dubu		Schwarzeichentoilette
block	mangrove_toilet	Mangrove Toilet		Мангровый Унитаз	Gabinetto di mangrovia		Kořenovníkový záchod		Mangrovenholztoilette
block	cherry_toilet	Cherry Toilet		Вишнёвый Унитаз	Gabinetto di ciliegio		Třešňový záchod		Kirschholztoilette
block	crimson_toilet	Crimson Toilet		Багровый Унитаз	Gabinetto cremisi		Karmínový záchod		Karmesintoilette
block	warped_toilet	Warped Toilet		Искажëнный Унитаз	Gabinetto distorto		Přízračný záchod		Wirrtoilette
block	stone_toilet	Stone Toilet		Каменный Унитаз	Gabinetto di pietra		Kamenný záchod		Steintoilette
block	quartz_toilet	Quartz Toilet		Кварцевый Унитаз	Gabinetto di quarzo		Křemenný záchod		Quarztoilette
block	deepslate_toilet	Deepslate Toilet		Глубинносланцевый Унитаз	Gabinetto di ardesia profonda		Břidlicový záchod		Tiefenschiefertoilette
block	iron_toilet	Iron Toilet		Железный Унитаз	Gabinetto di ferro		Železný záchod		Eisentoilette
block	copper_toilet	Copper Toilet		Медный Унитаз	Gabinetto di rame		Měděný záchod		Kupfertoilette
block	gold_toilet	Golden Toilet		Золотой Унитаз	Gabinetto d'oro		Zlatý záchod		Goldtoilette
block	diamond_toilet	Diamond Toilet		Алмазный Унитаз	Gabinetto di diamante		Diamantový záchod		Diamanttoilette
block	emerald_toilet	Emerald Toilet		Изумрудный Унитаз	Gabinetto di smeraldo		Smaragdový záchod		Smaragdtoilette
block	netherite_toilet	Netherite Toilet		Незеритовый Унитаз	Gabinetto di netherite		Netheritový záchod		Netherittoilette
block	oak_window_boards	Oak Window Boards		Дубовые Оконные доски	Pannello per finestre di quercia		Dubová okenní prkna		Eichenholzfensterbretter
block	spruce_window_boards	Spruce Window Boards		Еловые Оконные доски	Pannello per finestre di abete		Smrková okenní prkna		Fichtenholzfensterbretter
block	birch_window_boards	Birch Window Boards		Берëзовые Оконные доски	Pannello per finestre di betulla		Březová okenní prkna		Birkenholzfensterbretter
block	jungle_window_boards	Jungle Window Boards		Оконные доски из тропического дерева	Pannello per finestre della giungla		Okenní prkna z tropického dřeva		Tropenholzfensterbretter
block	acacia_window_boards	Acacia Window Boards		Акациевые Оконные доски	Pannello per finestre di acacia		Akáciová okenní prkna		Akazienholzfensterbretter
block	bamboo_window_boards	Bamboo Window Boards		Оконные доски из бамбука	Pannello per finestre di bambù		Bambusová okenní prkna		Bambusfensterbretter
block	dark_oak_window_boards	Dark Oak Window Boards		Оконные доски из тëмного дуба	Pannello per finestre di quercia scura		Okenní prkna z tmavého dubu		Schwarzeichenholzfensterbretter
block	mangrove_window_boards	Mangrove Window Boards		Мангровые Оконные доски	Pannello per finestre di mangrovia		Kořenovníková okenní prkna		Mangrovenholzfensterbretter
block	cherry_window_boards	Cherry Window Boards		Вишнёвые Оконные доски	Pannello per finestre di ciliegio		Třešňová okenní prkna		Kirschholzfensterbretter
block	crimson_window_boards	Crimson Window Boards		Багровые Оконные доски	Pannello per finestre cremisi		Karmínová okenní prkna		Karmesinfensterbretter
block	warped_window_boards	Warped Window Boards		Искажëнные Оконные доски	Pannello per finestre distorto		Přízračná okenní prkna		Wirrfensterbretter
block	stone_window_boards	Stone Window Boards		Каменные Оконные доски	Pannello per finestre di pietra		Kamenná okenní prkna		Steinfensterbretter
block	quartz_window_boards	Quartz Window Boards		Кварцевые Оконные доски	Pannello per finestre di quarzo		Křemenná okenní prkna		Quarzfensterbretter
block	deepslate_window_boards	Deepslate Window Boards		Глубинносланцевые Оконные доски	Pannello per finestre di ardesia profonda		Břidlicová okenní prkna		Tiefenschieferfensterbretter
block	iron_window_boards	Iron Window Boards		Железные Оконные доски	Pannello per finestre di ferro		Železná okenní prkna		Eisenfensterbretter
block	copper_window_boards	Copper Window Boards		Медные Оконные доски	Pannello per finestre di rame		Měděná okenní prkna		Kupferfensterbretter
block	gold_window_boards	Golden Window Boards		Золотые Оконные доски	Pannello per finestre d'oro		Zlatá okenní prkna		Goldfensterbretter
block	diamond_window_boards	Diamond Window Boards		Алмазные Оконные доски	Pannello per finestre di diamante		Diamantová okenní prkna		Diamantfensterbretter
block	emerald_window_boards	Emerald Window Boards		Изумрудные Оконные доски	Pannello per finestre di smeraldo		Smaragdová okenní prkna		Smaragdfensterbretter
block	netherite_window_boards	Netherite Window Boards		Незеритовые Оконные доски	Pannello per finestre di netherite		Netheritová okenní prkna		Netheritfensterbretter
block	oak_ladder	Oak Ladder		Дубовая Лестница	Staccionata di quercia		Dubový žebřík	nasin palisa sewi pi kasi kili	Eichenholzleiter
block	spruce_ladder	Spruce Ladder		Еловая Лестница	Staccionata di abete		Smrkový žebřík	nasin palisa sewi pi kasi lete	Fichtenholzleiter
block	birch_ladder	Birch Ladder		Берëзовая Лестница	Staccionata di betulla		Březový žebřík	nasin palisa sewi pi kasi walo	Birkenholzleiter
block	jungle_ladder	Jungle Ladder		Лестница из тропического дерева	Staccionata della giungla		Žebřík z tropického dřeva	nasin palisa sewi pi kasi suli	Tropenholzleiter
block	acacia_ladder	Acacia Ladder		Акациевая Лестница	Staccionata di acacia		Akáciový žebřík	nasin palisa sewi pi kasi seli	Akazienholzleiter
block	bamboo_ladder	Bamboo Ladder		Лестница из бамбука	Staccionata di bambù		Bambusový žebřík	nasin palisa sewi pi kasi palisa	Bambusleiter
block	dark_oak_ladder	Dark Oak Ladder		Лестница из тëмного дуба	Staccionata di quercia scura		Žebřík z tmavého dubu	nasin palisa sewi pi kasi pimeja	Schwarzeichenholzleiter
block	mangrove_ladder	Mangrove Ladder		Мангровая Лестница	Staccionata di mangrovia		Kořenovníkový žebřík	nasin palisa sewi pi kasi telo	Mangrovenholzleiter
block	cherry_ladder	Cherry Ladder		Вишнёвая Лестница	Staccionata di ciliegio		Třešňový žebřík	nasin palisa sewi pi kasi suwi	Kirschholzleiter
block	crimson_ladder	Crimson Ladder		Багровая Лестница	Staccionata cremisi		Karmínový žebřík	nasin palisa sewi pi soko loje	Karmesinleiter
block	warped_ladder	Warped Ladder		Искажëнная Лестница	Staccionata distorta		Přízračný žebřík	nasin palisa sewi pi soko laso	Wirrleiter
block	stone_ladder	Stone Ladder		Каменная Лестница	Staccionata di pietra		Kamenný žebřík	nasin palisa sewi kiwen	Steinleiter
block	quartz_ladder	Quartz Ladder		Кварцевая Лестница	Staccionata di quarzo		Křemenný žebřík	nasin palisa sewi pi kiwen walo seli	Quarzleiter
block	deepslate_ladder	Deepslate Ladder		Глубинносланцевая Лестница	Staccionata di ardesia profonda		Břidlicový žebřík	nasin palisa sewi pi kiwen anpa	Tiefenschieferleiter
block	iron_ladder	Iron Ladder		Железная Лестница	Staccionata di ferro		Železný žebřík	nasin palisa sewi pi kiwen walo	Eisenleiter
block	copper_ladder	Copper Ladder		Медная Лестница	Staccionata di rame		Měděný žebřík	nasin palisa sewi pi kiwen ante	Kupferleiter
block	gold_ladder	Golden Ladder		Золотая Лестница	Staccionata d'oro		Zlatý žebřík	nasin palisa sewi pi kiwen jelo	Goldleiter
block	diamond_ladder	Diamond Ladder		Алмазная Лестница	Staccionata di diamante		Diamantový žebřík	nasin palisa sewi pi kiwen laso	Diamantleiter
block	emerald_ladder	Emerald Ladder		Изумрудная Лестница	Staccionata di smeraldo		Smaragdový žebřík	nasin palisa sewi pi kiwen esun	Smaragdleiter
block	netherite_ladder	Netherite Ladder		Незеритовая Лестница	Staccionata di netherite		Netheritový žebřík	nasin palisa sewi pi mani Netherite	Netheritleiter
block	white_padlock	White Padlock		Белый Навесной замок	Lucchetto bianco		Bílý visací zámek	ilo awen walo	Weißes Schloss
block	orange_padlock	Orange Padlock		Оранжевый Навесной замок	Lucchetto arancione		Oranžový visací zámek	ilo awen pi loje jelo	Orangenes Schloss
block	magenta_padlock	Magenta Padlock		Пурпурный Навесной замок	Lucchetto magenta		Purpurový visací zámek	ilo awen pi loje laso	Magenta Schloss
block	light_blue_padlock	Light Blue Padlock		Голубой Навесной замок	Lucchetto azzurro		Světle modrý visací zámek	ilo awen pi laso sewi	Hellblaues Schloss
block	yellow_padlock	Yellow Padlock		Жёлтый Навесной замок	Lucchetto giallo		Žlutý visací zámek	ilo awen jelo	Gelbes Schloss
block	lime_padlock	Lime Padlock		Лаймовый Навесной замок	Lucchetto lime		Světle zelený visací zámek	ilo awen pi laso jelo	Hellgrünes Schloss
block	pink_padlock	Pink Padlock		Розовый Навесной замок	Lucchetto rosa		Růžový visací zámek	ilo awen pi loje walo	Rosa Schloss
block	gray_padlock	Gray Padlock		Серый Навесной замок	Lucchetto grigio		Šedý visací zámek	ilo awen pi pimeja walo	Graues Schloss
block	light_gray_padlock	Light Gray Padlock		Светло-серый Навесной замок	Lucchetto grigio chiaro		Světle šedý visací zámek	ilo awen pi walo pimeja	Hellgraues Schloss
block	cyan_padlock	Cyan Padlock		Бирюзовый Навесной замок	Lucchetto ciano		Azurový visací zámek	ilo awen laso	Türkises Schloss
block	purple_padlock	Purple Padlock		Фиолетовый Навесной замок	Lucchetto viola		Fialový visací zámek	ilo awen pi laso loje	Violettes Schloss
block	blue_padlock	Blue Padlock		Синий Навесной замок	Lucchetto blù		Modrý visací zámek	ilo awen pi laso telo	Blaues Schloss
block	brown_padlock	Brown Padlock		Коричневый Навесной замок	Lucchetto marrone		Hnědý visací zámek	ilo awen pi kule ma	Braunes Schloss
block	green_padlock	Green Padlock		Зелёный Навесной замок	Lucchetto verde		Zelený visací zámek	ilo awen pi laso kasi	Grünes Schloss
block	red_padlock	Red Padlock		Красный Навесной замок	Lucchetto rosso		Červený visací zámek	ilo awen loje	Rotes Schloss
block	black_padlock	Black Padlock		Чёрный Навесной замок	Lucchetto nero		Černý visací zámek	ilo awen pimeja	Schwarzes Schloss
item	white_key	White Key		Белый Ключ	Chiave bianca		Bílý klíč	ilo open walo	Weißer Schlüssel
item	orange_key	Orange Key		Оранжевый Ключ	Chiave arancione		Oranžový klíč	ilo open pi loje jelo	Orangener Schlüssel
item	magenta_key	Magenta Key		Пурпурный Ключ	Chiave magenta		Purpurový klíč	ilo open pi loje laso	Magenta Schlüssel
item	light_blue_key	Light Blue Key		Голубой Ключ	Chiave azzurra		Světle modrý klíč	ilo open pi laso sewi	Hellblauer Schlüssel
item	yellow_key	Yellow Key		Жёлтый Ключ	Chiave gialla	黄色の鍵	Žlutý klíč	ilo open jelo	Gelber Schlüssel
item	lime_key	Lime Key		Лаймовый Ключ	Chiave lime		Světle zelený klíč	ilo open pi laso jelo	Hellgrüner Schlüssel
item	pink_key	Pink Key		Розовый Ключ	Chiave rosa		Růžový klíč	ilo open pi loje walo	Rosa Schlüssel
item	gray_key	Gray Key		Серый Ключ	Chiave grigia		Šedý klíč	ilo open pi pimeja walo	Grauer Schlüssel
item	light_gray_key	Light Gray Key		Светло-серый Ключ	Chiave grigio chiaro		Světle šedý klíč	ilo open pi walo pimeja	Hellgrauer Schlüssel
item	cyan_key	Cyan Key		Бирюзовый Ключ	Chiave ciano		Azurový klíč	ilo open laso	Türkiser Schlüssel
item	purple_key	Purple Key		Фиолетовый Ключ	Chiave viola		Fialový klíč	ilo open pi laso loje	Violetter Schlüssel
item	blue_key	Blue Key		Синий Ключ	Chiave blù	青色の鍵	Modrý klíč	ilo open pi laso telo	Blauer Schlüssel
item	brown_key	Brown Key		Коричневый Ключ	Chiave marrone		Hnědý klíč	ilo open pi kule ma	Brauner Schlüssel
item	green_key	Green Key		Зелёный Ключ	Chiave verde	緑色の鍵	Zelený klíč	ilo open pi laso kasi	Grüner Schlüssel
item	red_key	Red Key		Красный Ключ	Chiave rossa	赤色の鍵	Červený klíč	ilo open loje	Roter Schlüssel
item	black_key	Black Key		Чёрный Ключ	Chiave nera		Černý klíč	ilo open pimeja	Schwarzer Schlüssel
block	oak_rising_door	Oak Rising Door		Дубовая Поднимающаяся дверь	Porta ascendente di quercia		Dubové stoupající dveře		Eichenholzsteigetür
block	spruce_rising_door	Spruce Rising Door		Еловая Поднимающаяся дверь	Porta ascendente di abete		Smrkové stoupající dveře		Fichtenholzsteigetür
block	birch_rising_door	Birch Rising Door		Берëзовая Поднимающаяся дверь	Porta ascendente di betulla		Březové stoupající dveře		Birkenholzsteigetür
block	jungle_rising_door	Jungle Rising Door		Поднимающаяся дверь из тропического дерева	Porta ascendente della giungla		Stoupající dveře z tropického dřeva		Tropenholzsteigetür
block	acacia_rising_door	Acacia Rising Door		Акациевая Поднимающаяся дверь	Porta ascendente di acacia		Akáciové stoupající dveře		Akazienholzsteigetür
block	bamboo_rising_door	Bamboo Rising Door		Поднимающаяся дверь из бамбука	Porta ascendente di bambù		Bambusové stoupající dveře		Bambussteigetür
block	dark_oak_rising_door	Dark Oak Rising Door		Поднимающаяся дверь из тëмного дуба	Porta ascendente di quercia scura		Stoupající dveře z tmavého dubu		Schwarzeichenholzsteigetür
block	mangrove_rising_door	Mangrove Rising Door		Мангровая Поднимающаяся дверь	Porta ascendente di mangrovia		Kořenovníkové stoupající dveře		Mangrovenholzsteigetür
block	cherry_rising_door	Cherry Rising Door		Вишнёвая Поднимающаяся дверь	Porta ascendente di ciliegio		Třešňové stoupající dveře		Kirschholzsteigetür
block	crimson_rising_door	Crimson Rising Door		Багровая Поднимающаяся дверь	Porta ascendente cremisi		Karmínové stoupající dveře		Karmesinsteigetür
block	warped_rising_door	Warped Rising Door		Искажëнная Поднимающаяся дверь	Porta ascendente distorta		Přízračné stoupající dveře		Wirrsteigetür
block	stone_rising_door	Stone Rising Door		Каменная Поднимающаяся дверь	Porta ascendente di pietra		Kamenné stoupající dveře		Steinsteigetür
block	quartz_rising_door	Quartz Rising Door		Кварцевая Поднимающаяся дверь	Porta ascendente di quarzo		Křemenné stoupající dveře		Quarzsteigetür
block	deepslate_rising_door	Deepslate Rising Door		Глубинносланцевая Поднимающаяся дверь	Porta ascendente di ardesia profonda		Břidlicové stoupající dveře		Tiefenschiefersteigetür
block	iron_rising_door	Iron Rising Door		Железная Поднимающаяся дверь	Porta ascendente di ferro		Železné stoupající dveře		Eisensteigetür
block	copper_rising_door	Copper Rising Door		Медная Поднимающаяся дверь	Porta ascendente di rame		Měděné stoupající dveře		Kupfersteigetür
block	gold_rising_door	Golden Rising Door		Золотая Поднимающаяся дверь	Porta ascendente d'oro		Zlaté stoupající dveře		Goldsteigetür
block	diamond_rising_door	Diamond Rising Door		Алмазная Поднимающаяся дверь	Porta ascendente di diamante		Diamantové stoupající dveře		Diamantsteigetür
block	emerald_rising_door	Emerald Rising Door		Изумрудная Поднимающаяся дверь	Porta ascendente di smeraldo		Smaragdové stoupající dveře		Smaragdsteigetür
block	netherite_rising_door	Netherite Rising Door		Незеритовая Поднимающаяся дверь	Porta ascendente di netherite		Netheritové stoupající dveře		Netheritsteigetür
block	white_table_lamp	White Table Lamp		Белая Лампа	Lampada da tavolo bianca		Bíla stolní lampa	ilo suno supa walo	Weiße Tischlampe
block	orange_table_lamp	Orange Table Lamp		Оранжевая Лампа	Lampada da tavolo arancione		Oranžová stolní lampa	ilo suno supa moku pi loje jelo	Orangene Tischlampe
block	magenta_table_lamp	Magenta Table Lamp		Пурпурная Лампа	Lampada da tavolo magenta		Světle modrá stolní lampa	ilo suno supa moku pi loje laso	Magenta Tischlampe
block	light_blue_table_lamp	Light Blue Table Lamp		Голубая Лампа	Lampada da tavolo azzurra		Purpurová stolní lampa	ilo suno supa moku pi laso sewi	Hellblaue Tischlampe
block	yellow_table_lamp	Yellow Table Lamp		Жёлтая Лампа	Lampada da tavolo gialla		Žlutá stolní lampa	ilo suno supa jelo	Gelbe Tischlampe
block	lime_table_lamp	Lime Table Lamp		Лаймовая Лампа	Lampada da tavolo lime		Světle zelená stolní lampa	ilo suno supa moku pi laso jelo	Hellgrüne Tischlampe
block	pink_table_lamp	Pink Table Lamp		Розовая Лампа	Lampada da tavolo rosa		Růžová stolní lampa	ilo suno supa moku pi loje walo	Rosa Tischlampe
block	gray_table_lamp	Gray Table Lamp		Серая Лампа	Lampada da tavolo grigia		Šedá stolní lampa	ilo suno supa moku pi pimeja walo	Graue Tischlampe
block	light_gray_table_lamp	Light Gray Table Lamp		Светло-серая Лампа	Lampada da tavolo grigio chiaro		Světle šedá stolní lampa	ilo suno supa moku pi walo pimeja	Hellgraue Tischlampe
block	cyan_table_lamp	Cyan Table Lamp		Бирюзовая Лампа	Lampada da tavolo ciano		Azurová stolní lampa	ilo suno supa laso	Türkise Tischlampe
block	purple_table_lamp	Purple Table Lamp		Фиолетовая Лампа	Lampada da tavolo viola		Fialová stolní lampa	ilo suno supa moku pi laso loje	Violette Tischlampe
block	blue_table_lamp	Blue Table Lamp		Синяя Лампа	Lampada da tavolo blù		Modrá stolní lampa	ilo suno supa moku pi laso telo	Blaue Tischlampe
block	brown_table_lamp	Brown Table Lamp		Коричневая Лампа	Lampada da tavolo marrone		Hnědá stolní lampa	ilo suno supa moku pi kule ma	Braune Tischlampe
block	green_table_lamp	Green Table Lamp		Зелёная Лампа	Lampada da tavolo verde		Zelená stolní lampa	ilo suno supa moku pi laso kasi	Grüne Tischlampe
block	red_table_lamp	Red Table Lamp		Красная Лампа	Lampada da tavolo rossa		Červená stolní lampa	ilo suno supa loje	Rote Tischlampe
block	black_table_lamp	Black Table Lamp		Чёрная Лампа	Lampada da tavolo nera		Černá stolní lampa	ilo suno supa moku pimeja	Schwarze Tischlampe
block	oak_street_light	Oak Street Light		Дубовый Уличный фонарь	Lampione di quercia		Dubová pouliční lampa	suno nasin pi kasi kili	Eichenholz-Straßenlaterne
block	spruce_street_light	Spruce Street Light		Еловый Уличный фонарь	Lampione di abete		Smrková pouliční lampa	suno nasin pi kasi lete	Fichtenholz-Straßenlaterne
block	birch_street_light	Birch Street Light		Берëзовый Уличный фонарь	Lampione di betulla		Březová pouliční lampa	suno nasin pi kasi walo	Birkenholz-Straßenlaterne
block	jungle_street_light	Jungle Street Light		Уличный фонарь из тропического дерева	Lampione della giungla		Pouliční lampa z tropického dřeva	suno nasin pi kasi suli	Tropenholz-Straßenlaterne
block	acacia_street_light	Acacia Street Light		Акациевый Уличный фонарь	Lampione di acacia		Akáciová pouliční lampa	suno nasin pi kasi seli	Akazienholz-Straßenlaterne
block	bamboo_street_light	Bamboo Street Light		Уличный фонарь из бамбука	Lampione di bambù		bambusová pouliční lampa	suno nasin pi kasi palisa	Bambus-Straßenlaterne
block	dark_oak_street_light	Dark Oak Street Light		Уличный фонарь из тëмного дуба	Lampione di quercia scura		Pouliční lampa z tmavého dubu	suno nasin pi kasi pimeja	Schwarzeichenholz-Straßenlaterne
block	mangrove_street_light	Mangrove Street Light		Мангровый Уличный фонарь	Lampione di mangrovia		Kořenovníková pouliční lampa	suno nasin pi kasi telo	Mangrovenholz-Straßenlaterne
block	cherry_street_light	Cherry Street Light		Вишнёвый Уличный фонарь	Lampione di ciliegio		Třešňová pouliční lampa	suno nasin pi kasi suwi	Kirschholz-Straßenlaterne
block	crimson_street_light	Crimson Street Light		Багровый Уличный фонарь	Lampione cremisi		Karmínová pouliční lampa	suno nasin pi soko loje	Karmesin-Straßenlaterne
block	warped_street_light	Warped Street Light		Искажëнный Уличный фонарь	Lampione distorto		Přízračná pouliční lampa	suno nasin pi soko laso	Wirr-Straßenlaterne
block	stone_street_light	Stone Street Light		Каменный Уличный фонарь	Lampione di pietra		Kamenná pouliční lampa	suno nasin kiwen	Stein-Straßenlaterne
block	quartz_street_light	Quartz Street Light		Кварцевый Уличный фонарь	Lampione di quarzo		Křemenná pouliční lampa	suno nasin pi kiwen walo seli	Quarz-Straßenlaterne
block	deepslate_street_light	Deepslate Street Light		Глубинносланцевый Уличный фонарь	Lampione di ardesia profonda		Břidlicová pouliční lampa	suno nasin pi kiwen anpa	Tiefenschiefer-Straßenlaterne
block	iron_street_light	Iron Street Light		Железный Уличный фонарь	Lampione di ferro		Železná pouliční lampa	suno nasin pi kiwen walo	Eisen-Straßenlaterne
block	copper_street_light	Copper Street Light		Медный Уличный фонарь	Lampione di rame		Měděná pouliční lampa	suno nasin pi kiwen ante	Kupfer-Straßenlaterne
block	gold_street_light	Golden Street Light		Золотой Уличный фонарь	Lampione d'oro		Zlatá pouliční lampa	suno nasin pi kiwen jelo	Goldene Straßenlaterne
block	diamond_street_light	Diamond Street Light		Алмазный Уличный фонарь	Lampione di diamante		Diamantová pouliční lampa	suno nasin pi kiwen laso	Diamant-Straßenlaterne
block	emerald_street_light	Emerald Street Light		Изумрудный Уличный фонарь	Lampione di smeraldo		Smaragdová pouliční lampa	suno nasin pi kiwen esun	Smaragd-Straßenlaterne
block	netherite_street_light	Netherite Street Light		Незеритовый Уличный фонарь	Lampione di netherite		Netheritová pouliční lampa	suno nasin pi mani Netherite	Netherit-Straßenlaterne
block	white_desk_lamp	White Desk Lamp		Белая Настольная лампа	Lampada da scrivania bianca		Bíla stolní lampička	ilo suno pali walo	Weiße Schreibtischlampe
block	orange_desk_lamp	Orange Desk Lamp		Оранжевая Настольная лампа	Lampada da scrivania arancione		Oranžová stolní lampička	ilo suno pali pi loje jelo	Orangene Schreibtischlampe
block	magenta_desk_lamp	Magenta Desk Lamp		Пурпурная Настольная лампа	Lampada da scrivania magenta		Světle modrá stolní lampička	ilo suno pali pi loje laso	Magenta Schreibtischlampe
block	light_blue_desk_lamp	Light Blue Desk Lamp		Голубая Настольная лампа	Lampada da scrivania azzurra		Purpurová stolní lampička	ilo suno pali pi laso sewi	Hellblaue Schreibtischlampe
block	yellow_desk_lamp	Yellow Desk Lamp		Жёлтая Настольная лампа	Lampada da scrivania gialla		Žlutá stolní lampička	ilo suno pali jelo	Gelbe Schreibtischlampe
block	lime_desk_lamp	Lime Desk Lamp		Лаймовая Настольная лампа	Lampada da scrivania lime		Světle zelená stolní lampička	ilo suno pali pi laso jelo	Hellgrüne Schreibtischlampe
block	pink_desk_lamp	Pink Desk Lamp		Розовая Настольная лампа	Lampada da scrivania rosa		Růžová stolní lampička	ilo suno pali pi loje walo	Rosa Schreibtischlampe
block	gray_desk_lamp	Gray Desk Lamp		Серая Настольная лампа	Lampada da scrivania grigia		Šedá stolní lampička	ilo suno pali pi pimeja walo	Graue Schreibtischlampe
block	light_gray_desk_lamp	Light Gray Desk Lamp		Светло-серая Настольная лампа	Lampada da scrivania grigio chiaro		Světle šedá stolní lampička	ilo suno pali pi walo pimeja	Hellgraue Schreibtischlampe
block	cyan_desk_lamp	Cyan Desk Lamp		Бирюзовая Настольная лампа	Lampada da scrivania ciano		Azurová stolní lampička	ilo suno pali laso	Türkise Schreibtischlampe
block	purple_desk_lamp	Purple Desk Lamp		Фиолетовая Настольная лампа	Lampada da scrivania viola		Fialová stolní lampička	ilo suno pali pi laso loje	Violette Schreibtischlampe
block	blue_desk_lamp	Blue Desk Lamp		Синяя Настольная лампа	Lampada da scrivania blù		Modrá stolní lampička	ilo suno pali pi laso telo	Blaue Schreibtischlampe
block	brown_desk_lamp	Brown Desk Lamp		Коричневая Настольная лампа	Lampada da scrivania marrone		Hnědá stolní lampička	ilo suno pali pi kule ma	Braune Schreibtischlampe
block	green_desk_lamp	Green Desk Lamp		Зелёная Настольная лампа	Lampada da scrivania verde		Zelená stolní lampička	ilo suno pali pi laso kasi	Grüne Schreibtischlampe
block	red_desk_lamp	Red Desk Lamp		Красная Настольная лампа	Lampada da scrivania rossa		Červená stolní lampička	ilo suno pali loje	Rote Schreibtischlampe
block	black_desk_lamp	Black Desk Lamp		Чёрная Настольная лампа	Lampada da scrivania nera		Černá stolní lampička	ilo suno pali pimeja	Schwarze Schreibtischlampe
block	oak_upholstery_couch	Oak Upholstery Couch		Дубовый Диван с обивкой	Divano tappezzato di quercia		Dubová čalouněná pohovka		Eichenholz-Polstersofa
block	spruce_upholstery_couch	Spruce Upholstery Couch		Еловый Диван с обивкой	Divano tappezzato di abete		Smrková čalouněná pohovka		Fichtenholz-Polstersofa
block	birch_upholstery_couch	Birch Upholstery Couch		Берëзовый Диван с обивкой	Divano tappezzato di betulla		Březová čalouněná pohovka		Birkenholz-Polstersofa
block	jungle_upholstery_couch	Jungle Upholstery Couch		Диван с обивкой из тропического дерева	Divano tappezzato della giungla		Čalouněná pohovka z tropického dřeva		Tropenholz-Polstersofa
block	acacia_upholstery_couch	Acacia Upholstery Couch		Акациевый Диван с обивкой	Divano tappezzato di acacia		Akáciová čalouněná pohovka		Akazienholz-Polstersofa
block	bamboo_upholstery_couch	Bamboo Upholstery Couch		Диван с обивкой из бамбука	Divano tappezzato di bambù		Bambusová čalouněná pohovka		Bambus-Polstersofa
block	dark_oak_upholstery_couch	Dark Oak Upholstery Couch		Диван с обивкой из тëмного дуба	Divano tappezzato di quercia scura		Čalouněná pohovka z tmavého dubu		Schwarzeichenholz-Polstersofa
block	mangrove_upholstery_couch	Mangrove Upholstery Couch		Мангровый Диван с обивкой	Divano tappezzato di mangrovia		Kořenovníková čalouněná pohovka		Mangrovenholz-Polstersofa
block	cherry_upholstery_couch	Cherry Upholstery Couch		Вишнёвый Диван с обивкой	Divano tappezzato di ciliegio		Třešňová čalouněná pohovka		Kirschholz-Polstersofa
block	crimson_upholstery_couch	Crimson Upholstery Couch		Багровый Диван с обивкой	Divano tappezzato cremisi		Karmínová čalouněná pohovka		Karmesin-Polstersofa
block	warped_upholstery_couch	Warped Upholstery Couch		Искажëнный Диван с обивкой	Divano tappezzato distorto		Přízračná čalouněná pohovka		Wirr-Polstersofa
block	white_floor_lamp	White Floor Lamp		Белый Торшер	Lampada da pavimento bianca		Bíla stojací lampa	ilo suno ma walo	Weiße Stehlampe
block	orange_floor_lamp	Orange Floor Lamp		Оранжевый Торшер	Lampada da pavimento arancione		Oranžová stojací lampa	ilo suno ma pi loje jelo	Orangene Stehlampe
block	magenta_floor_lamp	Magenta Floor Lamp		Пурпурный Торшер	Lampada da pavimento magenta		Světle modrá stojací lampa	ilo suno ma pi loje laso	Magenta Stehlampe
block	light_blue_floor_lamp	Light Blue Floor Lamp		Голубой Торшер	Lampada da pavimento azzurra		Purpurová stojací lampa	ilo suno ma pi laso sewi	Hellblaue Stehlampe
block	yellow_floor_lamp	Yellow Floor Lamp		Жёлтая Торшер	Lampada da pavimento gialla		Žlutá stojací lampa	ilo suno ma jelo	Gelbe Stehlampe
block	lime_floor_lamp	Lime Floor Lamp		Лаймовый Торшер	Lampada da pavimento lime		Světle zelená stojací lampa	ilo suno ma pi laso jelo	Hellgrüne Stehlampe
block	pink_floor_lamp	Pink Floor Lamp		Розовый Торшер	Lampada da pavimento rosa		Růžová stojací lampa	ilo suno ma pi loje walo	Rosa Stehlampe
block	gray_floor_lamp	Gray Floor Lamp		Серый Торшер	Lampada da pavimento grigia		Šedá stojací lampa	ilo suno ma pi pimeja walo	Graue Stehlampe
block	light_gray_floor_lamp	Light Gray Floor Lamp		Светло-серый Торшер	Lampada da pavimento grigio chiaro		Světle šedá stojací lampa	ilo suno ma pi walo pimeja	Hellgraue Stehlampe
block	cyan_floor_lamp	Cyan Floor Lamp		Бирюзовый Торшер	Lampada da pavimento ciano		Azurová stojací lampa	ilo suno ma laso	Türkise Stehlampe
block	purple_floor_lamp	Purple Floor Lamp		Фиолетовый Торшер	Lampada da pavimento viola		Fialová stojací lampa	ilo suno ma pi laso loje	Violette Stehlampe
block	blue_floor_lamp	Blue Floor Lamp		Синий Торшер	Lampada da pavimento blù		Modrá stojací lampa	ilo suno ma pi laso telo	Blaue Stehlampe
block	brown_floor_lamp	Brown Floor Lamp		Коричневый Торшер	Lampada da pavimento marrone		Hnědá stojací lampa	ilo suno ma pi kule ma	Braune Stehlampe
block	green_floor_lamp	Green Floor Lamp		Зелёный Торшер	Lampada da pavimento verde		Zelená stojací lampa	ilo suno ma pi laso kasi	Grüne Stehlampe
block	red_floor_lamp	Red Floor Lamp		Красный Торшер	Lampada da pavimento rossa		Červená stojací lampa	ilo suno ma loje	Rote Stehlampe
block	black_floor_lamp	Black Floor Lamp		Чёрный Торшер	Lampada da pavimento nera		Černá stojací lampa	ilo suno ma pimeja	Schwarze Stehlampe
block	white_cup	White Cup		Белая Чашка	Tazza bianca		Bílý hrníček	poki telo walo	Weiße Tasse
block	orange_cup	Orange Cup		Оранжевая Чашка	Tazza arancione		Oranžový hrníček	poki telo pi loje jelo	Orangene Tasse
block	magenta_cup	Magenta Cup		Пурпурная Чашка	Tazza magenta		Purpurový hrníček	poki telo pi loje laso	Magenta Tasse
block	light_blue_cup	Light Blue Cup		Голубая Чашка	Tazza azzurra		Světle modrý hrníček	poki telo pi laso sewi	Hellblaue Tasse
block	yellow_cup	Yellow Cup		Жёлтая Чашка	Tazza gialla		Žlutý hrníček	poki telo jelo	Gelbe Tasse
block	lime_cup	Lime Cup		Лаймовая Чашка	Tazza lime		Světle zelený hrníček	poki telo pi laso jelo	Hellgrüne Tasse
block	pink_cup	Pink Cup		Розовая Чашка	Tazza rosa		Růžový hrníček	poki telo pi loje walo	Rosa Tasse
block	gray_cup	Gray Cup		Серая Чашка	Tazza grigia		Šedý hrníček	poki telo pi pimeja walo	Graue Tasse
block	light_gray_cup	Light Gray Cup		Светло-серая Чашка	Tazza grigio chiaro		Světle šedý hrníček	poki telo pi walo pimeja	Hellgraue Tasse
block	cyan_cup	Cyan Cup		Бирюзовая Чашка	Tazza ciano		Azurový hrníček	poki telo laso	Türkise Tasse
block	purple_cup	Purple Cup		Фиолетовая Чашка	Tazza viola		Fialový hrníček	poki telo pi laso loje	Violette Tasse
block	blue_cup	Blue Cup		Синяя Чашка	Tazza blù		Modrý hrníček	poki telo pi laso telo	Blaue Tasse
block	brown_cup	Brown Cup		Коричневая Чашка	Tazza marrone		Hnědý hrníček	poki telo pi kule ma	Braune Tasse
block	green_cup	Green Cup		Зелёная Чашка	Tazza verde		Zelený hrníček	poki telo pi laso kasi	Grüne Tasse
block	red_cup	Red Cup		Красная Чашка	Tazza rossa		Červený hrníček	poki telo loje	Rote Tasse
block	black_cup	Black Cup		Чёрная Чашка	Tazza nera		Černý hrníček	poki telo pimeja	Schwarze Tasse
item	white_beer_bottle	White Beer Bottle		Белая Пивная бутылка	Bottiglia di birra bianca		Bílá lahev piva	poki walo pi telo nasa	Weiße Bierflasche
item	orange_beer_bottle	Orange Beer Bottle		Оранжевая Пивная бутылка	Bottiglia di birra arancione		Oranžová lahev piva	poki pi loje jelo pi telo nasa	Orangene Bierflasche
item	magenta_beer_bottle	Magenta Beer Bottle		Пурпурная Пивная бутылка	Bottiglia di birra magenta		Purpurová lahev piva	poki pi loje laso pi telo nasa	Magenta Bierflasche
item	light_blue_beer_bottle	Light Blue Beer Bottle		Голубая Пивная бутылка	Bottiglia di birra azzurra		Světle modrá lahe piva	poki pi laso sewi pi telo nasa	Hellblaue Bierflasche
item	yellow_beer_bottle	Yellow Beer Bottle		Жёлтая Пивная бутылка	Bottiglia di birra gialla		Žlutá lahev piva	poki jelo pi telo nasa	Gelbe Bierflasche
item	lime_beer_bottle	Lime Beer Bottle		Лаймовая Пивная бутылка	Bottiglia di birra lime		Světle zelená lahev piva	poki pi laso jelo pi telo nasa	Hellgrüne Bierflasche
item	pink_beer_bottle	Pink Beer Bottle		Розовая Пивная бутылка	Bottiglia di birra rosa		Růžová lahev piva	poki pi loje walo pi telo nasa	Rosa Bierflasche
item	gray_beer_bottle	Gray Beer Bottle		Серая Пивная бутылка	Bottiglia di birra grigia		Šedá lahev piva	poki pi pimeja walo pi telo nasa	Graue Bierflasche
item	light_gray_beer_bottle	Light Gray Beer Bottle		Светло-серая Пивная бутылка	Bottiglia di birra grigio chiaro		Světle šedá lahev piva	poki pi walo pimeja pi telo nasa	Hellgraue Bierflasche
item	cyan_beer_bottle	Cyan Beer Bottle		Бирюзовая Пивная бутылка	Bottiglia di birra ciano		Azurová lahev piva	poki laso pi telo nasa	Türkise Bierflasche
item	purple_beer_bottle	Purple Beer Bottle		Фиолетовая Пивная бутылка	Bottiglia di birra viola		Fialová lahev piva	poki pi laso loje pi telo nasa	Violette Bierflasche
item	blue_beer_bottle	Blue Beer Bottle		Синяя Пивная бутылка	Bottiglia di birra blù		Modrá lahev piva	poki pi laso telo pi telo nasa	Blaue Bierflasche
item	brown_beer_bottle	Brown Beer Bottle		Коричневая Пивная бутылка	Bottiglia di birra marrone		Hnědá lahev piva	poki pi kule ma pi telo nasa	Braune Bierflasche
item	green_beer_bottle	Green Beer Bottle		Зелёная Пивная бутылка	Bottiglia di birra verde		Zelená lahev piva	poki pi laso kasi pi telo nasa	Grüne Bierflasche
item	red_beer_bottle	Red Beer Bottle		Красная Пивная бутылка	Bottiglia di birra rossa		Červená lahev piva	poki loje pi telo nasa	Rote Bierflasche
item	black_beer_bottle	Black Beer Bottle		Чёрная Пивная бутылка	Bottiglia di birra nera		Černá lahev piva	poki pimeja pi telo nasa	Schwarze Bierflasche
block	fridge	Fridge	Refrigerator	Холодильник	Frigo	冷蔵庫	Lednice	poki lete	Kühlschrank
block	washer	Washer	Washing Machine	Стиральная Машина	Lavatore	洗濯機	Pračka	ilo telo	Waschmaschine
block	trashcan	Trashcan		Мусорник	Bidone	ゴミ箱	Odpadkový koš	poki jaki	Mülleimer
block	pipe	Pipe		Труба	Tubo		Trubka	palisa kiwen	Rohr
block	radiator	Radiator		Радиатор	Radiatore		Radiátor	ilo seli	Heizung
block	curtains	Curtains		Занавески	Tende		Závěsy	ilo pi weka suno	Vorhänge
block	surveillance_camera	Surveillance Camera		Камера видеонаблюдения	Videocamera di sorveglianza	監視カメラ	Bezpečnostní kamera	ilo lukin	Überwachungskamera
block	security_monitor	Security Monitor		Охранный монитор	Monitor di sicurezza	カメラターミナル	Bezpečnostní monitor	ilo sitelen	Sicherheitsmonitor
block	hatch	Hatch		Люк	Portello		Poklop	lupa anpa	Luke
block	traffic_barrier	Traffic Barrier		Дорожный барьер	Barriera stradale		Dopravní zábrana	ilo awen pi tomo tawa	Verkehrsbarriere
block	mossy_traffic_barrier	Mossy Traffic Barrier		Моховой дорожный барьер	Barriera stradale muschiosa		Dopravní zábrana porostlá mechem	ilo awen kasi pi tomo tawa	Bemooste Verkehrsbarriere
block	pole	Pole		Столб	Palo		Sloupek	palisa sitelen	Stab
block	no_entrance_road_sign	No-Entrance Road Sign		Дорожный знак 'Въезд запрещен'	Cartello stradale di divieto d'accesso		Dopravní značka zákazu vjezdu	sitelen pi tomo tawa: o tawa ala	Keine Durchfahrt Verkehrsschild
block	park_road_sign	Park Road Sign		Дорожный знак 'Парковка'	Cartello stradale del parcheggio		Dopravní značka parkování	sitelen pi tomo tawa: ken awen	Parken Verkehrsschild
block	arrow_down_road_sign	Arrow-down Road Sign		Дорожный знак со стрелкой вниз	Cartello stradale freccia giù		Dopravní značka se šipkou dolů	sitelen pi tomo tawa: linja anpa	Pfeil nach unten Verkehrsschild
block	arrow_up_road_sign	Arrow-up Road Sign		Дорожный знак со стрелкой вверх	Cartello stradale freccia su		Dopravní značka se šipkou nahoru	sitelen pi tomo tawa: linja sewi	Pfeil nach oben Verkehrsschild
block	arrow_left_road_sign	Arrow-left Road Sign		Дорожный знак со стрелкой влево	Cartello stradale freccia sinistra		Dopravní značka se šipkou doleva	sitelen pi tomo tawa: linja pi poka wan	Pfeil nach links Verkehrsschild
block	arrow_right_road_sign	Arrow-right Road Sign		Дорожный знак со стрелкой вправо	Cartello stradale freccia destra		Dopravní značka se šipkou doprava	sitelen pi tomo tawa: linja pi poka tu	Pfeil nach rechts Verkehrsschild
block	call_bell	Call Bell		Звонок	Campanello di chiamata		Zvonek	ilo kalama lili	Anrufsglocke
block	box	Box		Коробка	Scatola	箱	Krabice	poki kasi	Kasten
block	keypad_lock	Keypad Lock		PIN-Код замок	Serratura con tastierino numerico	パスワードロック	Kódový zámek	ilo awen nanpa	Tastensperre
block	retina_scanner	Retina Scanner		Сканер сетчатки глаза	Scanner della retina	虹彩認証センサー	Skener sítnice	ilo pi sona oko	Retina-Scanner
block	item_scanner	Item Scanner		Сканер предметов	Scanner degli oggetti	アイテムリーダー	Skener předmětů	ilo pi sona ijo	Gegenstands-Scanner
block	vending_machine	Vending Machine		Торговый автомат	Distributore		Automat	ilo mani	Verkaufsautomat
block	computer	Computer		Компьютер	Computer		Počítač	ilo sona	Computer
block	speakers	Speakers		Колонки	Speaker		Reproduktory	ilo pi kalama wawa	Lautsprecher
block	plate	Plate		Тарелка	Piatto		Talíř	supa moku	Platte
block	alarm_clock	Alarm Clock		Будильник	Sveglia		Budík	ilo tenpo	Wecker
block	alarm_block	Security Alarm Block		Сигнализация	Allarme di sicurezza		Blok bezpečnostního poplachu	ilo awen kalama	Sicherheitsalarm-Block
block	laser_block	Laser Block		Лазерный блок	Blocco laser		Laserový blok	ilo pi sona jan	Laser-Block
block	bear_trap	Bear Trap		Медвежий капкан	Trappola per orsi		Medvědí past	ilo alasa pi soweli suli	Bärenfalle
block	motion_sensor	Motion Sensor		Датчик движения	Sensore movimento		Snímač pohybu	ilo pi sona tawa	Bewegungsmelder
block	calculator	Calculator		Калькулятор	Calcolatrice		Kalkulačka	ilo nanpa	Taschenrechner
block	clipboard	Clipboard		Планшет	Appunti		Psací podložka	supa lili sitelen	Zwischenablage
block	electrical_box	Electrical Box		Электрический ящик	Scatola elettrica		Elektrická skříň	poki wawa	Elektrische Box
block	safe_block	Safe Block		Сейф	Blocco per cassaforte		Trezor	poki mani	Sicherer Block
block	telescope	Telescope		Телескоп	Telescopio		Teleskop	ilo pi lukin weka	Teleskop
item	padlock	Padlock		Навесной замок	Tastierino numerico	南京錠	Visací zámek	ilo awen	Schloss
item	coffee_cup	Coffee Cup		Чашка с Кофе	Tazza di caffè	コーヒー	Šálek kávy	telo pi lape ala	Kaffeetasse
item	cucumber	Cucumber		Огурец	Cetriolo		Okurka	kili palisa laso	Gurke
item	grapes	Grapes		Виноград	Uva		Hroznové víno	kili sike laso	Weintrauben
item	burger	Burger		Бургер	Hamburger	バーガー	Burger	pan pi insa soweli	Burger
item	toast	Toast		Тост	Toast		Toast	pan seli	Toastbrot
item	tomato	Tomato		Помидор	Pomodoro		Rajče	kili sike loje	Tomate
item	cheese	Cheese		Сыр	Formaggio	チーズ	Sýr	moku pi telo walo soweli	Käse
item	chocolate_bar	Chocolate bar		Шоколадная плитка	Barretta di cioccolato	チョコレート	Tabulka čokolády	suwi pi kule ma	Schokoladen-Bar
item	donut	Donut		Пончик	Ciambella	ドーナツ	Kobliha	suwi sike	Donut
item	broccoli	Broccoli		Брокколи	Broccoli		Brokolice	kili pi kasi lukin	Brokkoli
item	omelette	Omelette		Яичница	Frittata		Omeleta	sike mama pakala	Omelett
item	strawberry	Strawberry		Клубника	Fragola		Jahoda	kili loje suwi	Erdbeere
item	cereal	Cereal		Хлопья	Cereali		Cereálie	pan lili	Müsli
item	megaphone	Loudspeaker		Громкоговоритель	Megafono		Megafon	ilo pi toki wawa	Lautsprecher
item	flashlight	Flashlight		Фонарь	Torcia		Svítilna	ilo suno	Taschenlampe
item	crowbar	Crowbar		Лом	Piede di porco		Páčidlo	palisa pakala	Brecheisen
item	nanoglasses	Nanoglasses		Наноочки	Nanoocchiali		Nanobrýle	ilo lukin pi ijo lili	Nanogläser
item	battery	Battery		Батарейка	Batteria		Baterie	wawa	Batterie
item	umbrella	Umbrella		Зонт	Ombrello		Deštník	ilo awen tan telo sewi	Regenschirm
item	spades_two_playing_card	Spades Two 		Пиковая двойка	Due di picche		Piková dvojka	lipu musi pi utala tu	Spades Zwei
item	spades_three_playing_card	Spades Three 		Пиковая тройка	Tre di picche		Piková trojka	lipu musi pi utala tu wan	Spades Drei
item	spades_four_playing_card	Spades Four 		Пиковая четверка	Quattro di picche		Piková čtyřka	lipu musi pi utala tu tu	Spades Vier
item	spades_five_playing_card	Spades Five 		Пиковая пятерка	Cinque di picche		Piková pětka	lipu musi pi utala luka	Spades Fünf
item	spades_six_playing_card	Spades Six 		Пиковая шестерка	Sei di picche		Piková šestka	lipu musi pi utala luka wan	Spades Sechs
item	spades_seven_playing_card	Spades Seven 		Пиковая семерка	Sette di picche		Piková sedmička	lipu musi pi utala luka tu	Spades Sieben
item	spades_eight_playing_card	Spades Eight 		Пиковая восьмерка	Otto di picche		Piková osmička	lipu musi pi utala luka tu wan	Spades Acht
item	spades_nine_playing_card	Spades Nine 		Пиковая девятка	Nove di picche		Piková devítka	lipu musi pi utala luka tu tu	Spades Neun
item	spades_ten_playing_card	Spades Ten 		Пиковая десятка	Dieci di picche		Piková desítka	lipu musi pi utala luka luka	Spades Zehn
item	spades_jack_playing_card	Spades Jack 		Пиковый валет	Jack di picche		Pikový spodek	lipu musi pi utala jan	Spades Bube
item	spades_queen_playing_card	Spades Queen 		Пиковая дама	Regina di picche		Piková královna	lipu musi pi utala meli	Spades Königin
item	spades_king_playing_card	Spades King 		Пиковый король	Re di picche		Pikový král	lipu musi pi utala mije	Spades König
item	spades_ace_playing_card	Spades Ace 		Пиковый туз	Asso di picche		Pikové eso	lipu musi pi utala wawa	Spades Ass
item	clubs_two_playing_card	Clubs Two 		Трефовая двойка	Due di fiori		Křížová dvojka	lipu musi pi utala tu	Clubs Zwei
item	clubs_three_playing_card	Clubs Three 		Трефовые тройки	Tre di fiori		Křížová trojka	lipu musi pi utala tu wan	Clubs Drei
item	clubs_four_playing_card	Clubs Four 		Трефовые четверки	Quattro di fiori		Křížová čtyřka	lipu musi pi utala tu tu	Clubs Vier
item	clubs_five_playing_card	Clubs Five 		Трефовые пятерки	Cinque di fiori		Křížová pětka	lipu musi pi utala luka	Clubs Fünf
item	clubs_six_playing_card	Clubs Six 		Трефовая шестерка	Sei di fiori		Křížová šestka	lipu musi pi utala luka wan	Clubs Sechs
item	clubs_seven_playing_card	Clubs Seven 		Трефовая семерка	Sette di fiori		Křížová sedmička	lipu musi pi utala luka tu	Clubs Sieben
item	clubs_eight_playing_card	Clubs Eight 		Трефовые восьмерка	Otto di fiori		Křížová osmička	lipu musi pi utala luka tu wan	Clubs Acht
item	clubs_nine_playing_card	Clubs Nine 		Трефовая девятка	Nove di fiori		Křížová devítka	lipu musi pi utala luka tu tu	Clubs Neun
item	clubs_ten_playing_card	Clubs Ten 		Трефовые десятка	Dieci di fiori		Křížová desítka	lipu musi pi utala luka luka	Clubs Zehn
item	clubs_jack_playing_card	Clubs Jack 		Трефовый валет	Jack di fiori		Křížový spodek	lipu musi pi utala jan	Clubs Bube
item	clubs_queen_playing_card	Clubs Queen 		Трефовая дама	Regina di fiori		Křížová královna	lipu musi pi utala meli	Clubs Königin
item	clubs_king_playing_card	Clubs King 		Трефовый король	Re di fiori		Křížový král	lipu musi pi utala mije	Clubs König
item	clubs_ace_playing_card	Clubs Ace 		Трефовый туз	Asso di fiori		Křížové eso	lipu musi pi utala wawa	Clubs Ass
item	hearts_two_playing_card	Hearts Two 		Червовая двойка	Due di cuori		Srdcová dvojka	lipu musi pi utala tu	Herz Zwei
item	hearts_three_playing_card	Hearts Three 		Червовая тройка	Tre di cuori		Srdcová trojka	lipu musi pi utala tu wan	Herz Drei
item	hearts_four_playing_card	Hearts Four 		Червовая четверка	Quattro di cuori		Srdcová čtyřka	lipu musi pi utala tu tu	Herz Vier
item	hearts_five_playing_card	Hearts Five 		Червовая пятерка	Cinque di cuori		Srdcová pětka	lipu musi pi utala luka	Herz Fünf
item	hearts_six_playing_card	Hearts Six 		Червовая шестерка	Sei di cuori		Srdcová šestka	lipu musi pi utala luka wan	Herz Sechs
item	hearts_seven_playing_card	Hearts Seven 		Червовая семерка	Sette di cuori		Srdcová sedmička	lipu musi pi utala luka tu	Herz Sieben
item	hearts_eight_playing_card	Hearts Eight 		Червовая восьмерка	Otto di cuori		Srdcová osmička	lipu musi pi utala luka tu wan	Herz Acht
item	hearts_nine_playing_card	Hearts Nine 		Червовая девятка	Nove di cuori		Srdcová devítka	lipu musi pi utala luka tu tu	Herz Neun
item	hearts_ten_playing_card	Hearts Ten 		Червовая десятка	Dieci di cuori		Srdcová desítka	lipu musi pi utala luka luka	Herz Zehn
item	hearts_jack_playing_card	Hearts Jack 		Червовый валет	Jack di cuori		Srdcový spodek	lipu musi pi utala jan	Herz Bube
item	hearts_queen_playing_card	Hearts Queen 		Червовая дама	Regina di cuori		Srdcová královna	lipu musi pi utala meli	Herz Königin
item	hearts_king_playing_card	Hearts King 		Червовый король	Re di cuori		Srdcový král	lipu musi pi utala mije	Herz König
item	hearts_ace_playing_card	Hearts Ace 		Червовый туз	Asso di cuori		Srdcové eso	lipu musi pi utala wawa	Herz Ass
item	diamonds_two_playing_card	Diamonds Two 		Бубновая двойка	Due di quadri		Kárová dvojka	lipu musi pi utala tu	Diamant Zwei
item	diamonds_three_playing_card	Diamonds Three 		Бубновая тройка	Tre di quadri		Kárová trojka	lipu musi pi utala tu wan	Diamant Drei
item	diamonds_four_playing_card	Diamonds Four 		Бубновая четверка	Quattro di quadri		Kárová čtyřka	lipu musi pi utala tu tu	Diamant Vier
item	diamonds_five_playing_card	Diamonds Five 		Бубновая пятерка	Cinque di quadri		Kárová pětka	lipu musi pi utala luka	Diamant Fünf
item	diamonds_six_playing_card	Diamonds Six 		Бубновая шестерка	Sei di quadri		Kárová šestka	lipu musi pi utala luka wan	Diamant Sechs
item	diamonds_seven_playing_card	Diamonds Seven 		Бубновая семерка	Sette di quadri		Kárová sedmička	lipu musi pi utala luka tu	Diamant Sieben
item	diamonds_eight_playing_card	Diamonds Eight 		Бубновая восьмерка	Otto di quadri		Kárová osmička	lipu musi pi utala luka tu wan	Diamant Acht
item	diamonds_nine_playing_card	Diamonds Nine 		Бубновая девятка	Nove di quadri		Kárová devítka	lipu musi pi utala luka tu tu	Diamant Neun
item	diamonds_ten_playing_card	Diamonds Ten 		Бубновая десятка	Dieci di quadri		Kárová desítka	lipu musi pi utala luka luka	Diamant Zehn
item	diamonds_jack_playing_card	Diamonds Jack 		Бубновый валет	Jack di quadri		Kárový spodek	lipu musi pi utala jan	Diamant Bube
item	diamonds_queen_playing_card	Diamonds Queen 		Бубновая дама	Regina di quadri		Kárová královna	lipu musi pi utala meli	Diamant Königin
item	diamonds_king_playing_card	Diamonds King 		Бубновый король	Re di quadri		Kárový král	lipu musi pi utala mije	Diamant König
item	diamonds_ace_playing_card	Diamonds Ace 		Бубновый туз	Asse di quadri		Kárové eso	lipu musi pi utala wawa	Diamant Ass
ui	expand_variants	%s Click to Expand Variants		%s Нажмите, чтобы просмотреть варианты	%s Premi per espandere le varianti		%s Kliknutím zobrazte varianty	%s nena pona pi ilo tawa la o lukin e lukin ante	%s Klicke, um die Varianten zu erweitern
ui	craft	%s Click to Craft		%s Нажмите, чтобы скрафтить	%s Premi per fabbricare		%s Kliknutím vytvořte	%s nena pona pi ilo tawa la o pali	%s Klicke, um herzustellen
ui	craft_maximum	%s Hold Shift to Craft Maximum		%s Удерживайте Shift, чтобы скрафтить максимум	%s Mantieni Shift per fabbricare il massimo		%s Podržením klávesy Shift vytvoříte maximální počet	%s nena Shift la o pali e ale ken	%s Halte die Umschalttaste gedrückt, um die maximale Anzahl herzustellen.
ui	jump_to_list_end_or_begin	%s Shift+Click an arrow to jump to the end		%s Shift+Нажмите на стрелку, чтобы перейти к концу	%s Fai Shift+Clic su una freccia per saltare alla fine		%s Kliknutím na šipku při držení klávesy Shift skočíte na konec	%s nena Shift en nena pona pi ilo tawa la o tawa lipu pini	%s Umschalt+Klicke einen Pfeil, um zum Ende zu springen
ui	craft_documentation	%s Press %s to View Documentation		%s Нажмите %s чтобы просмотреть документацию	%s Premi %s per vedere la documentazione		%s Stisknutím klávesy %s zobrazíte dokumentaci	nena %s la o lukin e lipu sona	%s Drücke %s, um dir die Dokumentation anzusehen
ui	crafting_materials	%s Crafting materials		%s Материалы для крафта	%s Materiali per fabbricare		%s Materiály pro výrobu	%s ijo wile	%s Herstellungs-Materialien
ui	crafting_not_enough_items	Not enough items to craft %s		Недостаточно предметов чтобы скрафтить %s	Non hai abbastanza oggetti per fabbricare %s		Nedostatek věcí pro výrobu %s	%s la sina wile e ijo 	Nicht genügend Gegenstände, um %s herzustellen.
ui	navigation	Navigation		Навигация	Navigazione		Navigace	nasin	Navigation
ui	item_required	You need %s to unlock this block		Вам нужно %s, чтобы разблокировать этот блок	Hai bisogno di %s per sbloccare questo blocco		Pro odemčení tohoto bloku potřebujete %s	open pi leko ni la sina wile e %s	Du brauchst %s, um diesen Block zu entsperren
ui	camera.disabled	All cameras are currently disabled		Все камеры в настоящее время отключены	Tutte le videocamere sono correntemente disattivate		Všechny kamery jsou momentálně vypnuty	ilo lukin ale li pini	Alle Kameras sind zurzeit deaktiviert
ui	camera.offline	This monitor has not been linked yet		Этот монитор еще не был подключен	Questo monitor non è stato ancora collegato		Tento monitor ještě nebyl propojen	ilo sitelen li kulupu ala	Dieser Monitor wurde noch nicht verlinkt
ui	camera.registered	The camera was linked successfully		Камера была успешно подключена	La videocamera è stata collegata con successo		Kamera byla úspěšně propojena	ilo lukin li kama kulupu	Die Kamera wurde erfolgreich verlinkt
ui	camera.not_found	The camera you are trying to view has been broken		Камера, которую вы пытаетесь просмотреть, была сломана	La videocamera che stai provando a visualizzare è stata rotta		Kamera, kterou se snažíte zobrazit, byla rozbita	ilo lukin pi wile sina li pakala	Die Kamera, die du dir anschauen möchtest, wurde zerbrochen
ui	menu.title	Menu		Меню	Menu		Nabídka	lipu	Menü
ui	menu.debug	Debug Information		Информация для отладки	Informazione debug		Ladící informace	sona pali	Debug-Information
ui	menu.settings	Settings		Настройки	Opzioni		Nastavení	ante nasin	Einstellungen
ui	menu.open_settings	Open Settings		Открыть Настройки	Apri Opzioni		Otevřít nastavení	o open e ante nasin	Einstellungen öffnen
ui	menu.show_debug	Show Debug Information		Показать информацию для отладки	Mostra informazioni debug		Ukázat ladící informace	o pana e sona pali	Debug-Informationen anzeigen
ui	menu.copy	Copy		Скопировать	Copia		Kopírovat	o jo	Kopieren
ui	menu.click_to_show	Click to show		Нажмите, чтобы показать	Premi per visualizzare		Kliknutím zobrazte	nena pona pi ilo tawa la o lukin	Klicke, um anzuzeigen
ui	menu.true	On		Вкл.	Sì		Ano	lon	An
ui	menu.false	Off		Выкл.	No		Ne	ala	Aus
ui	menu.set	Set value		Задать значение	Imposta valore		Nastavit hodnotu	o pana e nanpa	Wert setzen
ui	setting.increased_view_range	Increased view range		Увеличенная дальность обзора	Aumentato raggio visivo		Zvýšená vzdálenost zobrazování	suli ma pi ken lukin	Erhöhte Sichtweite
ui	description.increased_view_range.0	Bypasses Entity Distance setting.		Обходит настройку расстояния между сущностями.	Bypassa l'impostazione della distanza delle entità		Obchází nastavení vzdálenosti entit.	ni li kute ala e ante nasin pi ma lukin soweli.	Umgeht die Entitäts-Entfernung.
ui	description.increased_view_range.1	Disable if players are experiencing lag		Отключите, если игроки испытывают лаги	Disattiva se i giocatori stanno riscontrando lag		Vypněte pokud se hráči potýkají se zpožděním	musi li pakala la o ala e ni	Deaktivere dies, wenn Spieler Lags bemerken
ui	setting.allow_crafting	Allow %s crafting		Разрешить создание %s	Permetti di %s fabbricare		Dovolit vytváření pro %s	%s la o ken e pali	Erlaube %s die Herstellung
ui	description.allow_crafting	Drop %s on a %s to craft %s!		Бросьте %s на %s чтобы получить %s!	Lascia %s su un %s per fabbricare %s!		Hozením %s na %s vytvoříte %s!	sina weka e %s lon %s la sina pali e %s!	Lasse %s auf ein %s fallen, um %s herzustellen!
ui	setting.fixed_camera	Fix cameras in place		Закрепить камеры на месте	Fissa la videocamera sul posto		Upevnění kamer v místě	tawa ala pi ilo lukin awen	Behebe Kameras an Ort und Stelle
ui	description.fixed_camera	Prevents cameras from spinning		Предотвращает вращение камеры	Impedisci la rotazione delle videocamere		Zabrání kamerám, aby se točili	ilo lukin awen li ken ala tawa	Verhindert Kameras zu spinnen
ui	setting.disabled_camera	Disable cameras		Отключить камеры	Disattiva le telecamere		Vypnout kamery	weka pi ilo lukin awen	Deaktiviere Kameras
ui	description.disabled_camera.0	Prevents players from using cameras.		Запрещает игрокам использовать камеры.	Impedisci l'uso delle telecamere dai giocatori		Zabrání hráčům používat kamery.	jan li ken ala kepeken ilo lukin awen.	Verhindere, dass Spieler Kameras benutzen.
ui	description.disabled_camera.1	Can be used to simulate power outages.		Может использоваться для имитации отключения электричества.	Può essere utilizzato per simulare l'interruzione della corrente		Může být použito pro simulování výpadku proudu.	sina ken kepeken ni tawa pilin pi pakala wawa.	Kann benutzt werden, um Stromausfälle zu simulieren.
ui	flashlight.no_battery	%s has ran out of battery!		У %s закончилась батарея!	%s ha esaurito la batteria!		%s vyčerpala baterii!	%s li jo ala e wawa!	%s hat eine leere Batterie!
ui	motion_sensor.notification	%s has detected movement nearby!		%s обнаружил движение поблизости!	%s ha rilevato movimento nelle vicinanze!		%s detekovala pohyb poblíž!	%s li lukin e tawa lon poka!	%s hat in der Nähe eine Bewegung festgestellt!
ui	setting.bear_trap	%s cooldown		Время действия %s	%s tempo di attesa		Čas obnovení pro %s	tenpo awen pi %s	%s Abkühlung
ui	description.bear_trap	The amount of ticks %s will trap players for		Количество тиков %s, на которые игроки будут пойманы	Il numero di tick %s intrappolerà i giocatori		Počet tiků, na které %s uvězní hráče	tenpo seme la %s li awen e jan	Die Anzahl an Ticks, in der %s Spieler einfängt
